Index,Org,Dst,CO2/kt,NOx/t,CO/t,HC/t
0,SZX,SHA,33.19,189.58,23.22,1.94
1,SHA,SZX,34.59,188.48,24.27,1.87
2,PEK,SHA,34.47,177.61,28.21,1.72
3,SHA,PEK,44.52,226.32,44.65,2.91
4,CAN,SHA,27.68,139.8,30.29,2.23
5,SHA,CAN,32.42,159.97,31.98,2.16
6,HGH,SZX,20.95,115.03,15.98,1.39
7,SZX,HGH,22.49,130.98,15.5,1.37
8,PEK,SZX,35.04,166.68,50.13,3.63
9,SZX,PEK,50.04,235.56,85,6.49
10,HGH,CAN,20.55,110.56,16.94,1.38
11,CAN,HGH,20.48,116.02,17.51,1.53
12,CTU,PEK,27.21,132.52,20.43,1.14
13,PEK,CTU,25.14,120.15,17.3,0.9
14,PKX,CAN,24.03,118.23,27.98,2.16
15,PKX,SZX,22.45,118.78,15.2,1.36
16,SZX,PKX,26.01,150.35,18.38,1.76
17,CAN,PKX,26.21,131.79,33.44,2.66
18,CKG,SZX,12.1,62.41,9.36,0.85
19,SZX,CKG,16.63,92.63,12.03,1.14
20,PVG,SHE,13.03,65.61,11.49,0.98
21,SHE,PVG,14.56,76.98,13.2,1.23
22,CAN,NKG,12.22,63.14,9.89,0.94
23,NKG,CAN,10.32,47.99,9.56,0.84
24,SZX,XIY,16.4,84.67,13.96,1.32
25,XIY,SZX,13.44,63.88,11.5,1.04
26,PVG,DLC,8.13,45.45,8.26,0.88
27,CAN,PEK,33.68,159.42,52.56,3.77
28,DLC,PVG,8.19,45.96,7.44,0.79
29,NKG,SZX,11.1,56.22,9.83,0.94
30,SZX,NKG,13.24,75.03,10.4,1.06
31,HGH,PEK,15.93,88.69,10.94,0.8
32,PEK,HGH,12.72,70.59,8.85,0.65
33,PEK,CKG,13.61,72.01,8.69,0.64
34,SZX,TFU,13.78,76.43,10.82,1.03
35,TFU,SZX,11.79,62.58,8.73,0.79
36,SZX,CTU,15.39,78.33,11.6,0.85
37,HRB,PVG,14.86,73.68,13.81,1.34
38,SHA,XMN,9.87,52.48,7.53,0.61
39,CTU,SZX,13.83,69.62,9.94,0.71
40,PVG,HRB,14.83,73.31,13.27,1.28
41,CKG,PEK,15.86,79.07,10.32,0.74
42,XMN,SHA,9.16,50.37,6.36,0.52
43,SZX,PVG,12.2,66.85,9.29,0.87
44,PVG,CKG,14.55,76.29,13.01,1.25
45,PVG,SZX,11.47,57.78,9.25,0.81
46,NKG,CKG,9.86,47.89,9.68,0.93
47,CKG,NKG,9.72,52.63,8.12,0.86
48,XIY,CAN,12.36,59.97,11.03,0.96
49,CGO,SZX,11.1,54.79,7.74,0.72
50,CAN,XIY,12.69,64.14,13.04,1.19
51,HGH,CKG,14.63,77.13,11.98,0.97
52,HGH,CTU,14.93,78.79,11.93,1.06
53,CSX,PKX,12.27,69.6,9.95,1.06
54,PKX,CSX,10.01,51.76,8.12,0.8
55,SZX,CGO,11.46,59.27,7.66,0.74
56,SHA,XIY,14.16,73.37,12.76,1.06
57,XIY,SHA,10.72,57.44,8.45,0.73
58,CTU,HGH,13.57,78.28,9.56,0.97
59,CKG,PVG,10.25,55.21,9.36,0.95
60,CTU,CAN,13.13,64.15,11.42,0.76
61,PEK,CAN,21.06,96.76,34.9,2.54
62,CAN,CTU,11.99,57.33,10.85,0.73
63,PKX,CKG,9.42,53.11,7.05,0.75
64,CKG,PKX,9.54,53.96,7.09,0.76
65,SZX,KMG,10.41,54.88,8.69,0.81
66,XIY,HGH,10.7,58.77,8.06,0.82
67,HGH,XIY,11.51,61.39,9.91,0.96
68,CGQ,PVG,11.2,55.98,10.63,1.02
69,CAN,HAK,6.34,36.17,5.62,0.59
70,CKG,HGH,9.48,51.52,7.55,0.73
71,PKX,HGH,7.98,43.09,6.59,0.64
72,KMG,SZX,8.79,46.9,6.83,0.64
73,HAK,CAN,4.38,22.73,4.07,0.39
74,HGH,PKX,9.8,54.21,7.69,0.74
75,PVG,CGQ,10.66,54.71,9.54,0.91
76,URC,KHG,7.06,37.79,5.12,0.47
77,TFU,CAN,10.44,54.69,7.69,0.62
78,LUM,KMG,3.85,18.62,4.05,0.4
79,HGH,KMG,12.22,60.97,11.18,1.09
80,CAN,TFU,10.47,57.06,8.55,0.73
81,KMG,HGH,11.78,64.79,9.15,0.97
82,KMG,XIY,10.24,54.84,8.57,0.87
83,CKG,CAN,7.59,40.51,5.62,0.46
84,KMG,CAN,7.96,41.23,6.19,0.56
85,XIY,KMG,7.8,38.07,7.35,0.7
86,CAN,CKG,8.42,44.73,6.66,0.57
87,KMG,CGO,10.05,50.41,7.57,0.7
88,CGO,KMG,10.59,51.19,8.75,0.78
89,CAN,CGO,8.3,41.3,6.1,0.59
90,CGO,CAN,8.7,43.65,6.37,0.62
91,TFU,HGH,10.97,61.61,8.17,0.84
92,CSX,XIY,7.78,41.87,6.61,0.66
93,HGH,TFU,11.87,62.83,9.68,0.91
94,LXA,CTU,8.22,40.92,7.81,0.46
95,CTU,LXA,11.26,55.58,10.8,0.61
96,XIY,CSX,5.57,28.33,4.73,0.45
97,SHA,TFU,12.35,61.24,10.82,0.91
98,CTU,PVG,11.32,58.32,8.09,0.67
99,CTU,PKX,12.69,68.59,9.12,0.71
100,CSX,TFU,7.02,38.23,6.16,0.6
101,URC,CGO,13.88,66.01,8.69,0.74
102,HAK,SZX,3.45,17.56,3.2,0.31
103,TFU,CSX,5.85,31.37,4.78,0.46
104,CSX,PEK,14.31,80.97,8.85,0.61
105,TFU,SHA,9.35,49.58,7.35,0.69
106,CGO,URC,15.49,73.64,10.45,0.92
107,URC,TFU,11.46,57,8.7,0.79
108,TFU,URC,12.83,64.44,10.02,0.93
109,KMG,PKX,15.15,80.66,9.33,0.86
110,PKX,KMG,12.3,62.01,8.35,0.7
111,SHA,TAO,5.38,29.45,4.97,0.5
112,TFU,SYX,11.36,62.61,8.41,0.72
113,PVG,CAN,9.61,48.47,8.1,0.62
114,SHA,CKG,14.95,79.69,11.07,0.76
115,TFU,WUH,5.1,25.14,4.23,0.38
116,WUH,TFU,6.8,33.91,6.42,0.6
117,CAN,PVG,9.03,47.27,7.76,0.64
118,PVG,CTU,12.92,62.84,9.96,0.72
119,TAO,HRB,6.79,34.99,6.46,0.67
120,SYX,TFU,11.07,59.96,8.53,0.73
121,PVG,KMG,12.07,60.18,9.82,0.9
122,HRB,TAO,7.68,40.32,6.59,0.67
123,KMG,PVG,10.94,59.53,8.1,0.82
124,KMG,SHA,9.37,48.14,7.47,0.73
125,CAN,TNA,9.33,48.7,5.61,0.55
126,TNA,CAN,7.75,35.84,4.74,0.42
127,URC,PKX,14.23,73.6,9.02,0.74
128,PKX,URC,13.35,67.48,9.25,0.77
129,WUH,KMG,7.75,37.74,6.7,0.62
130,KMG,WUH,6.39,32.23,4.99,0.47
131,XIY,PVG,7.25,38.4,6.42,0.65
132,PVG,XIY,9.02,46.98,8.3,0.81
133,PEK,XIY,5.27,31.23,3.55,0.33
134,TFU,PVG,8.32,45.91,6.84,0.73
135,WUH,CAN,5.8,30.47,4.24,0.41
136,SHA,KMG,10.39,49.32,9.58,0.84
137,SHA,CTU,14.74,67.89,10.4,0.52
138,PVG,TFU,10,51.26,8.74,0.84
139,PKX,CTU,8.59,41.76,6.52,0.5
140,PEK,XMN,9.81,50.42,6.31,0.48
141,TFU,PKX,8.56,47.02,6.26,0.62
142,XMN,PEK,12.77,67.83,8.47,0.67
143,XMN,PKX,10.74,56.53,6.82,0.48
144,CAN,WUH,4.15,21.03,3.5,0.34
145,WUH,SZX,6.52,36.54,4.54,0.43
146,SZX,HFE,7.64,41.72,5.75,0.56
147,PKX,KWE,8.05,39.71,6.68,0.69
148,HFE,SZX,6.09,29.71,5.01,0.45
149,PKX,XMN,8.8,44.5,5.53,0.37
150,LXA,TFU,6.55,31.87,6.17,0.38
151,TFU,LXA,9.44,45.15,9.19,0.54
152,SZX,WUH,5.46,31.94,3.91,0.38
153,KWE,PKX,7.35,38.6,5.71,0.63
154,PKX,TFU,7.27,36.98,5.4,0.52
155,TFU,TAO,8.62,46.37,6.74,0.72
156,HAK,CSX,5.27,26.46,4.08,0.39
157,TAO,TFU,8.75,42.54,6.89,0.64
158,CSX,HAK,7.06,37.91,5.45,0.54
159,PKX,HRB,5.32,28.91,4.47,0.46
160,HAK,CGO,8.36,42.37,6.44,0.62
161,NKG,XIY,5.26,23.84,5.95,0.54
162,HRB,PKX,5.92,32.79,5.09,0.53
163,CGO,HAK,9.58,49.6,7.4,0.7
164,PEK,KMG,15.99,78.97,10.54,0.53
165,KMG,PEK,18.63,99.52,11.15,0.62
166,TNA,CKG,6.89,32.98,5.76,0.54
167,CKG,TNA,6.62,34.65,5.32,0.55
168,CKG,LXA,6.69,24.36,8.91,0.37
169,KMG,CTU,4,20.23,4.23,0.37
170,TFU,KMG,3.83,18.93,3.57,0.31
171,CAN,WUX,6.67,34.33,4.96,0.49
172,CAN,TSN,10.64,54.15,7.09,0.55
173,LXA,CKG,5.44,21.14,6.29,0.28
174,CSX,KMG,6.24,31.34,5.58,0.53
175,KMG,TFU,4.05,21.66,3.53,0.34
176,WUX,CAN,6.6,31.76,5.35,0.49
177,TSN,CAN,11.34,58.53,7.25,0.55
178,XIY,NKG,5.29,26.69,5.05,0.5
179,PEK,CSX,8.14,42.43,4.81,0.34
180,CTU,KMG,3.92,19.23,4.37,0.37
181,KMG,CSX,5.34,26.69,4.64,0.44
182,CKG,TAO,7.32,37.71,5.71,0.59
183,NKG,TFU,7.23,35.91,6.91,0.65
184,TAO,CKG,7.81,37.59,6.19,0.58
185,TFU,NKG,7.55,43.09,6.03,0.64
186,CKG,SHA,7.2,39.34,4.91,0.42
187,CAN,URC,18.81,88.92,15.29,1.12
188,CSX,TAO,7.54,40.7,5.93,0.6
189,TAO,CSX,6.18,30.51,4.94,0.47
190,URC,CAN,16.53,80.04,11.54,0.79
191,CGO,XMN,5.99,30.64,4.45,0.42
192,TSN,XIY,5.71,26.18,4.57,0.35
193,XMN,CGO,6.72,34.91,4.88,0.45
194,NKG,KMG,7.36,33.34,7.52,0.68
195,PVG,KWE,7.85,38.35,7.21,0.69
196,SZX,TNA,8.8,46.66,6.79,0.7
197,WUH,TAO,6.27,32.32,4.88,0.48
198,TAO,WUH,4.71,21.71,3.57,0.31
199,CTU,SHA,8.88,41.78,5.91,0.33
200,KMG,NKG,7.93,41.66,6.52,0.66
201,SHA,URC,16.99,77.39,11.73,0.7
202,TNA,HRB,5.74,28.16,5.28,0.52
203,HRB,TNA,6.64,32.85,5.98,0.58
204,PEK,TFU,7.63,41.52,4.52,0.39
205,URC,PEK,13.12,68.69,11.75,0.99
206,URC,SHA,13.88,68.4,8.01,0.56
207,TNA,SZX,7,33.56,5.35,0.5
208,WNZ,CAN,5.01,25.89,4.05,0.38
209,NKG,KWE,6.15,29,6,0.57
210,KWE,PEK,8.7,44.44,6.14,0.57
211,SZX,TSN,9.11,47.54,6.28,0.6
212,XIY,TSN,4.52,23.59,3.35,0.32
213,KWE,NKG,5.95,30.82,4.94,0.51
214,KWE,PVG,6.12,30.55,5.3,0.55
215,CAN,WNZ,3.87,21.68,3.14,0.32
216,TAO,SHE,3.61,17.89,3.37,0.33
217,SHE,TAO,4.72,25.12,4,0.41
218,TFU,PEK,8.21,46.1,4.9,0.45
219,PEK,URC,12.16,62.44,11.17,0.94
220,CKG,WUX,5.79,32.55,4.12,0.44
221,WUX,CKG,6.99,37.25,5.94,0.58
222,SHE,HGH,7.43,37.59,5.71,0.49
223,XMN,XIY,8.14,44.63,5.31,0.48
224,XMN,NKG,4.57,23.95,4.15,0.41
225,PEK,KWE,7.86,40.03,5.79,0.53
226,HGH,KWE,7.14,36.23,5.62,0.55
227,XIY,XMN,6.73,36.09,4.1,0.4
228,HGH,SHE,7.48,38.53,5.53,0.46
229,PKX,PVG,6.11,33.17,4.99,0.45
230,WUH,PKX,5.68,29.65,4.49,0.44
231,KWE,HGH,5.91,31.5,4.46,0.48
232,PKX,WUH,4.15,19.32,3.2,0.28
233,NKG,SHE,5.23,25.88,4.71,0.45
234,PVG,PKX,7.39,41.16,6.09,0.55
235,XIY,SHE,5.71,27.83,5.5,0.53
236,SHA,CSX,5.01,26.94,4.54,0.42
237,DLC,NKG,3.38,18.29,3.51,0.38
238,SYX,CAN,3.56,18.93,2.98,0.28
239,CSX,SHA,5.2,30.15,3.91,0.38
240,SHE,XIY,8.5,41.28,7.86,0.71
241,SHE,NKG,6.23,31.66,5.93,0.6
242,CSX,SYX,6.91,38.95,5.28,0.55
243,PVG,TAO,2.72,14.78,2.79,0.3
244,DLC,HGH,4.72,23.3,3.84,0.37
245,XMN,KMG,7.45,36.99,5.87,0.57
246,CKG,HAK,5.07,24.59,4.92,0.46
247,KMG,XMN,6.43,32.62,4.95,0.5
248,NKG,XMN,3.72,18.05,3.92,0.38
249,SYX,CSX,5.3,27.92,3.83,0.37
250,TAO,XIY,5.27,25.61,4.68,0.44
251,TSN,SZX,8.49,42.44,5.49,0.49
252,WUH,PEK,5.87,32.21,4.93,0.49
253,XIY,TAO,5.32,27.62,4.68,0.49
254,XIY,TNA,4.05,19.92,3.85,0.36
255,PEK,WUH,4.89,24.27,4.06,0.38
256,KMG,TNA,8.19,41.86,6.43,0.65
257,HRB,PEK,5.87,32.94,4.41,0.38
258,TNA,XIY,4.03,18.47,3.99,0.35
259,SHA,PKX,6.87,37.67,5.72,0.47
260,WUH,HAK,6.81,36.04,5.08,0.49
261,XMN,CKG,7.03,36.01,5.48,0.53
262,HGH,DLC,5.55,29.9,4.37,0.45
263,HAK,CKG,5.21,25.45,4.88,0.46
264,NKG,DLC,3.88,20.25,3.85,0.4
265,NKG,CGQ,6.22,31.73,5.78,0.59
266,CGQ,NKG,6.43,31.19,6.59,0.66
267,CKG,XMN,5.24,25.19,4.26,0.41
268,WUH,XMN,4.25,22.77,2.97,0.29
269,PKX,SHA,5.54,28.96,4.03,0.3
270,HAK,WUH,5.01,25.46,3.68,0.35
271,TNA,KMG,7.38,33.52,6.57,0.59
272,CAN,SYX,4.45,25.54,3.79,0.38
273,PVG,NNG,7.39,36.19,7.01,0.66
274,XMN,WUH,4.01,21.61,2.62,0.25
275,PEK,HRB,5.08,28.16,3.67,0.32
276,SHA,TSN,5.21,28.64,3.8,0.38
277,CKG,CSX,2.92,15.52,2.41,0.24
278,SYX,PEK,16.19,75.45,38.2,3.21
279,PEK,HAK,14.85,74.44,17.34,1.24
280,HAK,PEK,16.79,85.75,21.48,1.61
281,KWE,XIY,3.62,19.78,3.18,0.35
282,CSX,CKG,4.16,23.65,3.52,0.37
283,TFU,TNA,5.83,30.74,4.59,0.48
284,HET,CIF,2.47,10.96,3.06,0.25
285,LJG,TFU,2.23,11.32,2.61,0.25
286,PEK,SYX,14.06,65.48,31.88,2.66
287,TNA,TFU,5.89,28.11,4.57,0.42
288,HGH,TAO,4.45,23.28,3.39,0.34
289,SHA,TYN,5.47,27.75,5.49,0.54
290,TYN,SHA,4.38,21.99,4.15,0.42
291,TAO,PVG,2.54,13.68,2.37,0.25
292,PVG,SYX,8.85,46.19,7.29,0.68
293,HET,TGO,3.38,16.02,3.56,0.33
294,CAN,HFE,5.15,27.01,3.5,0.32
295,XIY,KWE,3.57,19.12,3.28,0.35
296,TSN,TFU,7.07,33.64,4.49,0.38
297,CGO,PVG,4,20.72,3.61,0.36
298,PKX,SYX,9.76,49,11.21,1.09
299,TAO,HGH,3.11,15.2,2.68,0.26
300,NNG,TFU,3.86,19.41,3.75,0.37
301,NGB,CAN,5.11,25.11,3.48,0.26
302,FOC,PEK,7.94,42.87,5.7,0.57
303,TFU,XMN,6.1,32.12,3.92,0.36
304,SYX,PVG,7.85,40.7,6.53,0.62
305,PEK,FOC,6.13,29.46,4.6,0.42
306,TSN,PVG,5.22,25.95,3.61,0.31
307,TFU,TSN,6.37,33.5,4.01,0.4
308,HFE,CAN,4.04,18.9,3.06,0.26
309,CSX,TNA,5.25,27.42,4.26,0.41
310,XMN,TFU,6.96,37.53,4.81,0.43
311,PEK,YNT,2.41,13.12,2.06,0.21
312,SYX,PKX,10.6,53.39,13.95,1.35
313,CAN,NGB,4.95,26.19,3.44,0.3
314,TFU,LJG,2.75,13.82,3.17,0.29
315,SWA,PVG,4.07,21.47,4.04,0.42
316,TNA,CSX,3.97,18.95,3.48,0.32
317,CGO,TFU,4.95,24.28,3.97,0.34
318,TFU,CGO,3.91,19.29,3.11,0.27
319,HGH,HRB,8.28,45.7,6.16,0.66
320,HRB,HGH,7.67,40.36,5.59,0.58
321,TFU,HFE,4.89,25.49,4.43,0.45
322,YNT,PEK,2.43,12.19,2.31,0.22
323,HFE,TFU,4.71,21.56,5.02,0.46
324,PEK,DLC,2.45,13.02,2.05,0.2
325,PVG,SWA,3.8,18.58,4.08,0.41
326,DLC,PEK,2.54,12.45,2.26,0.2
327,TFU,NNG,3.84,19.6,3.74,0.37
328,DLC,TAO,1.44,9.07,1.56,0.18
329,TAO,CGQ,3.92,19.15,3.87,0.38
330,NNG,PVG,5.62,28.45,4.84,0.49
331,WUH,PVG,3.27,16.89,3.13,0.31
332,TGO,HET,2.75,13.97,3.07,0.32
333,PVG,WUH,3.06,14.78,2.92,0.27
334,CGQ,TAO,4.02,19.29,3.95,0.38
335,CSX,TSN,5.46,28.51,4.19,0.42
336,URC,HGH,11.37,57.72,7.28,0.69
337,LHW,PEK,5.73,28.77,4.64,0.32
338,TSN,CSX,5.09,25.52,3.99,0.38
339,WUX,TFU,5.84,28.44,5.39,0.48
340,TFU,WUX,5.26,27.75,4.05,0.41
341,SYX,HGH,6.93,37.98,6.24,0.65
342,HGH,SYX,7.33,40.74,6.41,0.68
343,PEK,LHW,4.5,24.87,3.07,0.26
344,PVG,CSX,3.51,17.98,3.6,0.36
345,HGH,URC,11.88,55.78,8.86,0.73
346,HET,HLH,3.43,15.86,3.68,0.33
347,TSN,SHA,4.3,23.19,2.69,0.25
348,SZX,NGB,4.9,28.5,3.96,0.41
349,NKG,CSX,2.62,12.63,2.99,0.29
350,SHE,TFU,9.42,48.88,6.86,0.58
351,CSX,TYN,4.63,23.98,3.68,0.36
352,XIY,SYX,6.97,37.13,5.25,0.56
353,SYX,XIY,7.48,40.49,5.75,0.63
354,SHA,WUH,2.96,14.6,3.42,0.34
355,TYN,CSX,3.88,18.74,3.29,0.31
356,CKG,URC,8.08,39.96,6.52,0.66
357,WUH,SHA,2.81,14.55,2.89,0.29
358,CSX,PVG,4.04,22.4,3.73,0.4
359,URC,CKG,6.96,36.21,5.28,0.57
360,CTU,WUH,3.78,20.11,2.85,0.25
361,PVG,CGO,3.66,17.88,3.46,0.31
362,CSX,NKG,3.72,20.91,3.37,0.36
363,TFU,SHE,6.96,37.68,5.08,0.48
364,WUH,CTU,4.83,25.32,4.31,0.39
365,FOC,CKG,5.7,29.06,4.31,0.41
366,SYX,CKG,4.91,24.97,4.84,0.5
367,PVG,HAK,7.36,40.33,4.97,0.44
368,CKG,FOC,4.79,24.21,3.41,0.33
369,NGB,PKX,5.39,29.36,4.57,0.48
370,WUH,CKG,3.71,19.47,3.03,0.3
371,KWL,PVG,4.61,24.24,4.3,0.42
372,LHW,PKX,4.45,23.19,4.24,0.45
373,PKX,ZUH,6.18,28.46,4.62,0.42
374,PKX,NGB,4.37,23.11,3.54,0.37
375,TAO,DLC,1.37,8.74,1.44,0.17
376,SHA,SYX,7.94,40.89,5.97,0.46
377,PVG,KWL,5.42,27.96,5.25,0.48
378,CKG,SYX,4.55,22.52,4.39,0.44
379,HAK,PVG,6.21,33.85,4.26,0.39
380,SYX,SHA,6.67,33.98,4.98,0.4
381,LHW,PVG,4.92,24.34,4.89,0.51
382,ZUH,PKX,7.12,35.56,5.36,0.52
383,PEK,NNG,6.98,33.73,5.97,0.59
384,NGB,SZX,4.24,23.29,3.53,0.36
385,URC,WUH,8.4,39.72,4.65,0.35
386,NNG,PEK,7.11,35.85,6.03,0.57
387,PVG,TSN,4.34,22.19,3.42,0.33
388,ZUH,PVG,4.72,25.25,4.18,0.43
389,WUH,URC,9.58,45.51,6.57,0.54
390,CKG,WUH,2.51,12.76,1.72,0.16
391,KWE,WNZ,4.4,24.23,3.11,0.33
392,HET,XIL,1.73,8.15,2.41,0.22
393,KWE,NGB,4.51,22.1,3.95,0.41
394,SHE,SZX,7.83,36.98,6.39,0.57
395,SZX,KWE,4.17,22.08,2.92,0.28
396,CGQ,TNA,4.11,20.17,4.02,0.41
397,TNA,CGQ,3.81,19.17,3.54,0.36
398,TSN,CKG,5.67,26.68,3.98,0.33
399,NGB,KWE,5.14,24.47,4.76,0.46
400,CTU,NKG,5.39,29.82,4.14,0.36
401,SZX,SHE,7.7,37.63,6.33,0.59
402,PVG,LHW,6.16,29.57,6.3,0.61
403,KHN,XIY,4.14,20.96,3.62,0.35
404,NKG,CTU,5.06,24.33,4.87,0.36
405,HET,HLD,3.7,17.15,3.45,0.28
406,CKG,TSN,4.88,25.8,3.43,0.34
407,CSX,CTU,4.31,23.84,3.62,0.31
408,WNZ,KWE,5.5,28.83,4.27,0.42
409,HRB,NKG,5.98,28.96,5.12,0.51
410,CTU,CSX,3.68,20.61,2.81,0.24
411,NKG,HRB,5.69,28.1,4.63,0.47
412,HLD,HET,3,15.07,2.93,0.29
413,CGO,HGH,3.33,18.21,2.62,0.27
414,CSX,URC,9.28,44.7,5.91,0.51
415,URC,CSX,8.04,38.64,4.79,0.42
416,HGH,CGO,3.17,16.9,2.57,0.26
417,XIY,KHN,3.27,16.43,2.6,0.25
418,KWE,SZX,2.73,13.15,2.15,0.2
419,SZX,SYX,3.36,19.02,3.01,0.29
420,URC,TNA,8.14,40.89,3.94,0.39
421,HLH,HET,2.67,13.67,3.06,0.33
422,INC,PEK,3.68,19.17,3.27,0.29
423,HRB,TFU,8.19,41.84,5.86,0.55
424,DLC,TNA,1.5,8.89,1.3,0.15
425,PEK,INC,2.66,15.41,2.18,0.24
426,WUX,KMG,5.94,29.06,5.45,0.52
427,FOC,PKX,6.42,33.71,4.2,0.37
428,KMG,WUX,5.68,30.91,4.29,0.45
429,HFE,KMG,4.61,20.81,4.74,0.43
430,PKX,FOC,5.58,28.53,3.35,0.27
431,XMN,TSN,5.56,28.2,3.96,0.38
432,CGO,KWE,4.57,22.33,4.16,0.4
433,TSN,XMN,5.14,25.27,3.68,0.34
434,DLC,TSN,1.55,7.21,1.49,0.13
435,PEK,KHN,3.89,19.72,2.84,0.24
436,KHN,PEK,5.6,31.38,3.61,0.32
437,NKG,TYN,3.17,14.57,3.52,0.3
438,SHA,YNT,3,16.52,2.83,0.3
439,SHE,CGO,4.21,20.3,3.57,0.34
440,KMG,HFE,4.93,25.75,4.23,0.43
441,JHG,KMG,1.73,8.19,1.97,0.19
442,TNA,URC,7.59,36.23,4.05,0.36
443,CGO,SYX,6.14,31.04,4.76,0.48
444,NNG,HGH,4.57,24.32,3.31,0.35
445,TFU,KHN,3.34,17.11,2.64,0.24
446,SYX,CGO,5.42,26.87,4.13,0.41
447,KHN,TFU,4.22,20.99,3.77,0.32
448,CKG,HFE,3.34,17.48,3.05,0.32
449,SZX,WNZ,3.04,17.29,2.34,0.25
450,HGH,NNG,5.26,27.06,4.39,0.45
451,CGO,FOC,3.81,19.26,2.7,0.25
452,TFU,HRB,6.93,36.53,4.87,0.49
453,FOC,CGO,4.2,21.48,3.02,0.29
454,HFE,CKG,3.46,16.36,3.47,0.33
455,SJW,TFU,3.75,18.77,3.08,0.28
456,CIF,HET,1.55,8.02,1.92,0.2
457,DLC,PKX,2.16,12.02,1.92,0.2
458,TSN,KMG,6.53,29.72,5.42,0.46
459,PKX,DLC,2.43,14.43,2.02,0.21
460,XIY,FOC,4.42,22.49,3.16,0.3
461,CSX,NGB,3.23,17.98,2.19,0.22
462,NGB,CSX,2.61,13.14,2.09,0.2
463,CGO,SHE,4.01,19.74,3.27,0.31
464,TYN,CAN,4.45,20.77,2.82,0.26
465,XMN,HGH,2.93,15.81,2.06,0.21
466,WNZ,SZX,3.04,15.73,2.66,0.27
467,FOC,XIY,5.26,27.59,3.64,0.33
468,TFU,SJW,3.87,20.94,3.17,0.32
469,HGH,XMN,2.49,12.64,2.08,0.2
470,KMG,TSN,6.35,31.32,4.8,0.45
471,CAN,TYN,4.38,21.21,2.9,0.27
472,KWE,CGO,3.33,15.61,2.92,0.27
473,ZUH,PEK,7.34,38.35,5.33,0.46
474,TYN,NKG,3.11,14.82,3.23,0.3
475,PEK,ZUH,6.46,31.51,4.39,0.34
476,HRB,SZX,7.46,35.3,6.18,0.55
477,TYN,TFU,3,14.68,2.89,0.27
478,SZX,HRB,8.06,40.04,6.54,0.61
479,TCZ,KMG,1.7,8.26,1.66,0.16
480,TYN,SZX,4.96,25.2,3.65,0.34
481,WUX,XIY,3.96,19.88,3.94,0.37
482,HAK,KHN,2.9,13.41,2.84,0.24
483,XIY,WUX,3.42,18.06,3.03,0.3
484,TFU,TYN,3.25,17.06,3.08,0.31
485,KHN,HAK,3.96,19.76,3.78,0.34
486,KMG,WNZ,4.83,25.05,3.54,0.36
487,CGO,HET,3.06,15.56,2.5,0.23
488,FOC,KMG,5.56,27.33,4.19,0.41
489,HET,CGO,2.23,10.5,2.15,0.2
490,WNZ,KMG,5.21,24.48,4.53,0.42
491,KMG,FOC,5.09,26.21,3.63,0.36
492,YNT,SHA,2.36,12.13,2.07,0.21
493,CAN,XMN,1.98,10.76,1.64,0.16
494,TYN,HGH,3.43,17.56,3.13,0.32
495,HGH,TYN,3.94,20.18,3.34,0.33
496,PEK,WNZ,5.05,26.95,3.75,0.28
497,HGH,HAK,4.76,24.35,3.87,0.39
498,TSN,CTU,5.36,25.71,3.65,0.3
499,URC,NKG,7.69,38.56,5.27,0.51
500,CAN,SHE,6.1,29.08,5.27,0.45
501,KWE,SYX,3.05,15.82,2.85,0.29
502,NKG,URC,7.87,35.05,6.55,0.57
503,XIY,LXA,3.67,13.17,4.47,0.16
504,XNN,PKX,3.78,18.91,3.69,0.38
505,SHE,CAN,7.09,34,5.78,0.47
506,SHE,CSX,5.37,27.28,4.16,0.4
507,CTU,TSN,5.03,27.15,3.33,0.32
508,HAK,HGH,4.2,21.55,3.35,0.34
509,SYX,KWE,3.23,17,3.34,0.35
510,SZX,TYN,5.19,28.31,3.88,0.39
511,ENH,WUH,1.29,6.32,1.18,0.11
512,XIY,HAK,5.16,26.96,3.91,0.4
513,NGB,TAO,2.98,16.59,2.38,0.25
514,CSX,SHE,5.35,27.91,4.25,0.42
515,HAK,NNG,1.53,7.54,1.85,0.19
516,TNA,KWE,4.43,20.62,3.79,0.35
517,NKG,NNG,4.23,19.46,3.58,0.31
518,HAK,XIY,5.3,27.98,4.09,0.42
519,NNG,NKG,4.05,19.79,3.04,0.28
520,NNG,HAK,1.6,7.91,1.88,0.19
521,WUH,TNA,3.11,16.29,2.46,0.24
522,HGH,ZUH,3.58,17.91,2.45,0.24
523,XIL,HET,1.22,6.5,1.71,0.19
524,WUH,ZUH,3.21,16.65,2.33,0.23
525,LXA,XIY,3.48,12.83,3.9,0.14
526,ZUH,HGH,3.67,19.67,2.41,0.25
527,KWE,TNA,4.36,21.74,3.45,0.34
528,LHW,KMG,3.17,14.33,3.22,0.3
529,TNA,WUH,2.22,10.29,1.75,0.16
530,HRB,XIY,5.15,25.61,4.71,0.46
531,PKX,HAK,6.62,34.48,5.15,0.47
532,XIY,HRB,4.3,21.46,3.75,0.38
533,CGQ,XIY,4.18,19.63,4.61,0.43
534,ZUH,WUH,2.76,14.72,2.12,0.22
535,KMG,LHW,3.59,18.23,3.49,0.36
536,WUH,WNZ,2.38,12.7,1.96,0.2
537,WNZ,WUH,2.16,10.42,1.91,0.18
538,KMG,KHN,3.39,17.91,2.7,0.27
539,LJG,PVG,4.91,23.22,4.77,0.47
540,NKG,LHW,3.8,17.01,4.24,0.38
541,LHW,NKG,3.86,19.29,3.49,0.33
542,HET,NKG,3.77,18.79,3.38,0.32
543,TAO,NGB,2.26,11.72,1.9,0.19
544,KHN,KMG,4.01,19.99,3.62,0.34
545,WUH,NNG,3.82,19.84,2.83,0.28
546,ZUH,XIY,4.59,22.93,3.56,0.35
547,NNG,WUH,2.52,12.54,1.94,0.19
548,XMN,KWE,3.99,20.89,2.7,0.27
549,WUH,SYX,4.9,26.4,4.89,0.49
550,TFU,LHW,2.05,10.47,2.38,0.21
551,KWE,XMN,2.81,13.6,2.01,0.19
552,NKG,HET,3.28,15.27,3.57,0.34
553,HRB,CGO,4.39,20.75,3.54,0.29
554,CGQ,HGH,4.38,20.53,3.58,0.25
555,XIY,ZUH,3.9,18.41,2.94,0.28
556,KMG,TYN,4.76,23.94,4.28,0.44
557,HAK,PKX,6.63,35.79,4.9,0.47
558,CAN,KWE,2.58,13.06,2,0.19
559,SYX,WUH,3.64,19,3.32,0.32
560,KMG,HAK,3.17,16.71,2.65,0.27
561,HGH,CGQ,4.9,24.8,3.69,0.27
562,CGO,HRB,4.55,22.77,3.16,0.26
563,HAK,KMG,2.63,12.48,2.45,0.23
564,TYN,KMG,3.87,17.65,3.95,0.38
565,KWE,CAN,2.04,9.75,1.65,0.15
566,SHE,WUH,4.06,19.8,3.32,0.29
567,YNT,SHE,1.89,8.84,2.18,0.21
568,ZUH,SHA,3.14,16.34,2.9,0.31
569,LHW,TFU,1.74,8.47,2.01,0.16
570,KHN,CKG,3.17,15.8,2.66,0.23
571,WUH,SHE,4.27,22.29,3.73,0.37
572,SHE,YNT,2.05,10.51,2.22,0.23
573,FOC,PVG,2.4,14.22,2.05,0.22
574,PVG,LJG,5.42,24.62,5.71,0.51
575,CKG,KHN,2.19,10.69,1.83,0.16
576,YIW,CAN,2.57,11.98,2.12,0.18
577,CAN,FOC,2.24,11.75,1.99,0.19
578,LHW,CSX,3.07,14.7,2.38,0.21
579,PEK,TAO,1.99,10.92,1.89,0.17
580,DLC,XIY,3.91,19.58,3.26,0.26
581,CAN,YIW,2.8,14.48,2.19,0.21
582,LJG,CAN,3.06,14.03,3.42,0.33
583,SYX,NKG,5.18,27.24,4.17,0.39
584,DLC,CGO,2.5,11.83,2.1,0.19
585,HSN,JJN,2.14,10.29,1.97,0.19
586,FOC,CAN,2.48,12.82,2.2,0.2
587,JJN,HSN,2.57,13.29,2,0.19
588,HAK,SHA,5.26,28.89,3.63,0.28
589,HAK,TFU,3.43,17.64,2.87,0.29
590,NNG,CKG,2.4,12.78,2.21,0.23
591,TFU,HAK,3.7,19.48,3.01,0.3
592,CSX,LHW,3.94,19.62,3,0.27
593,CGQ,CGO,3.65,16.82,3.28,0.3
594,SHA,HAK,6.61,36.7,4.63,0.34
595,TAO,PEK,1.48,9.03,1.39,0.14
596,ZUH,TFU,3.92,20.55,3.06,0.29
597,XMN,CTU,4.49,23.13,3.81,0.31
598,CGO,CGQ,4.32,21.98,3.36,0.32
599,CGO,DLC,3.15,16.57,2.39,0.25
600,CSX,HRB,5.52,26.93,4.47,0.42
601,TFU,ZUH,3.29,16.73,2.44,0.22
602,XIY,HET,1.95,8.54,2.34,0.18
603,FOC,KWE,3.97,20.4,2.89,0.28
604,PVG,SJW,2.84,14.18,2.29,0.23
605,CTU,XMN,3.91,20.34,3.16,0.26
606,HRB,CSX,5.14,23.93,4.3,0.39
607,CGQ,SZX,5.81,27.17,4.8,0.44
608,KWE,FOC,3.04,14.81,2.21,0.21
609,HGH,LHW,4.31,20.73,4.1,0.39
610,TNA,XMN,2.92,13.9,2.06,0.18
611,NNG,CGO,3.45,16.74,2.73,0.26
612,LHW,HGH,4.17,21.11,3.35,0.35
613,KHN,TAO,3.02,15.14,2.7,0.23
614,SJW,PVG,2.35,11.69,1.96,0.2
615,XIY,DLC,3.15,17.13,2.47,0.24
616,XMN,TNA,3.79,19.83,2.74,0.26
617,CGO,NNG,3.97,19.51,3.35,0.33
618,SHA,ZUH,3.29,16.2,3.05,0.3
619,WUH,TYN,2.57,13.3,2.17,0.21
620,HAK,KWE,2.48,12.01,2.21,0.2
621,KWE,SHA,2.83,13.82,2.91,0.3
622,SZX,CGQ,6.89,34.25,5.62,0.55
623,KWE,HAK,2.22,10.85,2.04,0.19
624,NKG,SYX,4.35,22.04,4.03,0.4
625,TNA,SHE,1.95,9.19,1.83,0.17
626,HET,CAN,4.68,23.88,3.24,0.29
627,TYN,WUH,1.84,8.51,1.66,0.15
628,ZUH,CKG,3.57,18.97,2.73,0.28
629,XIY,NNG,3.34,16.69,2.75,0.27
630,HET,XIY,2,8.82,2.12,0.16
631,CKG,LJG,1.63,8.29,1.9,0.19
632,CAN,HET,4.49,22.87,3.48,0.31
633,TNA,CTU,3.47,16.44,3.22,0.24
634,FOC,TFU,4.26,21.66,2.69,0.24
635,TAO,KHN,2,8.83,2.14,0.17
636,SZX,URC,9.17,44.76,6.65,0.56
637,CKG,ZUH,2.6,12.91,2.13,0.21
638,SJW,KMG,4.1,18.97,3.27,0.31
639,SHE,TNA,2.66,13.47,2.29,0.23
640,TFU,FOC,3.84,19.67,2.16,0.2
641,URC,SZX,7.89,37.89,5.42,0.44
642,CTU,TNA,3.94,21.48,3.2,0.27
643,KMG,SJW,4.82,24.36,3.57,0.37
644,TFU,XNN,1.97,9.25,2.41,0.19
645,WUH,TSN,3.03,15.54,2.35,0.21
646,TSN,WUH,2.65,12.93,2.08,0.17
647,NGB,TFU,3.91,18.46,3.64,0.32
648,NNG,XIY,3.64,18.81,2.86,0.29
649,INC,PVG,3.74,19.72,3.23,0.34
650,CKG,NNG,1.97,10.29,1.99,0.21
651,NTG,TFU,4.01,19.52,3.25,0.29
652,XNN,TFU,1.64,7.52,1.96,0.15
653,TFU,NGB,3.84,19.62,3.21,0.32
654,TFU,NTG,3.75,20,2.6,0.26
655,LJG,CKG,2.01,9.89,2.18,0.2
656,WNZ,PEK,5.17,28.96,3.82,0.36
657,YNT,TFU,4.02,19.32,3.52,0.29
658,WUH,LHW,3.46,17.17,3.19,0.31
659,TFU,YNT,3.79,20.24,3.19,0.31
660,CGO,CKG,2.76,13.1,2.48,0.19
661,HET,TSN,1.48,6.53,1.73,0.14
662,PEK,NGB,2.97,15.29,2.36,0.23
663,PVG,INC,4.59,23.44,4.27,0.42
664,NGB,PEK,3.75,20.07,3.5,0.31
665,TSN,HET,1.62,7.2,1.65,0.13
666,XMN,SHE,4.79,24.09,3.39,0.33
667,LHW,WUH,2.59,12.21,1.84,0.16
668,NKG,PEK,2.76,15.19,2.11,0.18
669,HGH,SJW,2.94,16,2.2,0.23
670,XIY,NGB,3.24,16.64,2.86,0.3
671,SHE,XMN,4.43,21.65,3.59,0.35
672,CAN,LHW,4.44,21.91,4.3,0.35
673,HAK,ZUH,1.03,5.23,1.14,0.11
674,CKG,TYN,2.02,10.16,1.95,0.19
675,SJW,CAN,3.49,15.65,3.16,0.27
676,TAO,XMN,3.09,14.47,2.43,0.23
677,XMN,TAO,4.14,21.19,2.9,0.3
678,CAN,CGQ,5.91,29.6,5.25,0.52
679,CKG,CGO,1.96,8.97,1.77,0.13
680,CAN,SJW,3.46,16.26,3.14,0.29
681,CGO,ZUH,3.27,16.06,2.44,0.23
682,PEK,NKG,2.49,14.79,1.92,0.19
683,CGQ,CAN,5.69,27.78,4.8,0.46
684,ZUH,CGO,3.4,17.34,2.5,0.24
685,TFU,INC,2.18,10.99,2.35,0.22
686,YNT,HRB,2.4,11.65,2.63,0.26
687,SJW,HGH,2.21,11.52,1.77,0.18
688,FOC,SHA,1.73,9.57,1.47,0.15
689,HET,WUH,2.43,11.82,1.75,0.16
690,TFU,CZX,3.11,16.55,2.57,0.25
691,KMG,SYX,3.16,17.9,2.67,0.28
692,HRB,YNT,2.28,11.17,2.37,0.23
693,INC,TFU,1.96,9.49,2.01,0.17
694,INC,PKX,2.34,11.69,2.19,0.23
695,WUH,HET,2.91,14.98,2.4,0.24
696,KMG,CKG,2.1,11.05,2.1,0.22
697,NGB,WUH,1.7,8.17,1.64,0.15
698,CZX,TFU,3.3,15.99,3.21,0.27
699,CKG,KMG,1.47,7.38,1.66,0.17
700,SHA,FOC,1.8,9.67,1.72,0.18
701,WUH,NGB,2.08,11.13,2,0.21
702,TSN,HRB,2.91,14.65,2.56,0.25
703,PVG,ZHA,3.66,18.86,3.33,0.33
704,PKX,WNZ,2.85,15.21,2.27,0.25
705,TAO,KMG,4.28,19.57,3.99,0.36
706,HRB,TSN,2.49,11.49,2.16,0.19
707,XIY,WUH,2.03,10.47,1.31,0.11
708,ZHA,PVG,3.16,16.51,2.84,0.3
709,WNZ,PKX,3.55,18.93,2.8,0.29
710,NGB,XIY,3.36,16.21,3.32,0.32
711,URC,TSN,4.47,22.02,3.15,0.31
712,SHA,KWE,3.43,16.54,3.66,0.34
713,KRL,CGO,4.91,22.78,3.41,0.28
714,JHG,LJG,1.39,7.19,1.44,0.15
715,TYN,CKG,1.83,9.26,1.78,0.17
716,CGO,KRL,5.75,26.66,4.36,0.38
717,TSN,URC,5.53,25.96,3.69,0.32
718,HAK,XMN,2.04,10.16,1.73,0.16
719,HGH,YNT,2.27,11.13,2.27,0.19
720,WNZ,CKG,3.42,18.14,2.66,0.27
721,KHN,PKX,3.11,15.75,2.42,0.23
722,CKG,WNZ,2.81,15.59,1.98,0.21
723,CKG,SJW,2.11,10.98,1.91,0.21
724,HRB,CAN,5.62,27.14,4.15,0.32
725,YNT,HGH,1.79,7.99,2,0.16
726,PKX,KHN,2.12,9.74,1.92,0.17
727,XMN,HAK,2.62,14.16,2.05,0.2
728,HAK,NKG,3.34,16.83,2.78,0.27
729,CAN,HRB,6.12,29.35,4.36,0.32
730,SJW,CKG,2.05,10.71,1.85,0.2
731,NKG,ZUH,2.38,11.17,2.48,0.24
732,YIW,PKX,2.56,12.97,1.99,0.21
733,LJG,JHG,1.09,6.08,1.15,0.12
734,NKG,HAK,3.26,15.93,2.98,0.29
735,SHE,CKG,5.04,25.59,4.18,0.37
736,DIG,KMG,1.11,5.36,1.01,0.1
737,ZUH,NKG,3.03,16.21,2.6,0.26
738,KMG,TAO,4.33,22.5,3.57,0.37
739,LHW,CAN,3.71,17.74,3.34,0.25
740,DLC,WUH,2.4,11.38,1.92,0.16
741,WNZ,TFU,3.48,17.21,2.94,0.27
742,XIY,WNZ,2.74,14.45,2.32,0.23
743,WNZ,XIY,3.38,16.88,3.25,0.29
744,PKX,YIW,2.35,11.9,1.66,0.17
745,CKG,SHE,3.6,18.71,2.96,0.28
746,WUH,DLC,3.11,16.58,2.62,0.26
747,YNT,PVG,1.39,6.69,1.6,0.14
748,SWA,PKX,3.98,20.77,2.86,0.29
749,KWL,NKG,2.31,11.28,2.14,0.2
750,LHW,TNA,2.56,12.81,2.31,0.23
751,TFU,WNZ,3.05,16.27,2.28,0.23
752,SHE,TYN,2.71,14.16,2.46,0.24
753,NKG,KWL,2.35,10.64,2.43,0.2
754,CGQ,WEH,1.74,8.1,2.21,0.22
755,HSN,XMN,1.71,8.39,1.56,0.15
756,WUH,FOC,1.88,9.43,1.71,0.14
757,KWE,JJN,2.18,10.62,1.93,0.19
758,FOC,WUH,1.82,8.94,1.57,0.12
759,PKX,SWA,3.46,17.04,2.32,0.22
760,WEH,CGQ,1.77,8.43,2.2,0.22
761,KMG,ZUH,2.33,12.07,1.73,0.17
762,ZUH,KMG,2.57,13.16,2,0.2
763,TNA,LHW,2.56,11.92,2.37,0.22
764,FOC,TSN,3.32,16.46,2.25,0.22
765,TSN,HGH,2.4,12.06,2.01,0.18
766,JJN,KWE,2.93,15.2,2.42,0.25
767,CTU,URC,4.4,22.61,2.99,0.23
768,NGB,KMG,3.58,17.44,3.41,0.33
769,TSN,FOC,2.87,14.22,1.96,0.19
770,XNN,PVG,2.82,12.65,2.93,0.24
771,URC,CTU,3.98,20.09,2.66,0.19
772,XMN,HSN,2.06,10.89,1.53,0.15
773,SHE,PEK,2.31,12.31,2.14,0.19
774,TFU,BHY,2.46,13.03,2.03,0.16
775,CTU,FOC,3.57,20.31,2.25,0.2
776,HGH,TSN,2.52,12.84,1.83,0.16
777,LJG,CGO,2.57,11.61,2.63,0.23
778,CGQ,YNT,1.58,7.51,1.81,0.18
779,BHY,TFU,2.28,12.16,1.98,0.17
780,PVG,HET,3.29,16.37,3.12,0.28
781,YNT,CGQ,1.9,9.24,2.03,0.2
782,FOC,TAO,3.19,16.38,2.33,0.24
783,FOC,CTU,3.93,21.71,2.78,0.24
784,CGO,LJG,3.27,15.44,3.42,0.31
785,CZX,CAN,2.3,10.94,2.3,0.2
786,TYN,SHE,1.74,8.65,1.68,0.17
787,WUX,PKX,2.08,10.74,2.03,0.2
788,TAO,FOC,2.23,10.37,1.86,0.18
789,PKX,WUX,1.73,8.99,1.71,0.17
790,HFE,SHE,2.32,10.94,2.16,0.21
791,WNZ,CGO,2.33,11.17,1.97,0.18
792,KWL,PKX,3.3,17.03,2.51,0.26
793,CGO,WNZ,2.22,11.35,1.71,0.16
794,XIY,KWL,1.8,9.15,2.01,0.2
795,LJG,NKG,3.05,13.98,3.05,0.24
796,CAN,CZX,2.36,12.05,2.22,0.21
797,WUH,KWE,2.24,11.44,1.78,0.17
798,NKG,LJG,3.24,13.61,3.83,0.28
799,PKX,KWL,3.33,16.57,2.66,0.27
800,JJN,CGO,2.5,12.44,2.19,0.21
801,KWE,WUH,1.57,7.75,1.15,0.11
802,WUH,HGH,1.79,9.76,1.36,0.14
803,SHE,HFE,2.99,14.4,2.65,0.25
804,PEK,SHE,1.5,8.1,1.25,0.11
805,CSX,FOC,1.8,9.72,1.38,0.14
806,CGO,JJN,2.39,11.98,2.05,0.2
807,XIY,YNT,2.21,10.17,2.19,0.17
808,SZX,NTG,2.51,13.18,1.9,0.2
809,XMN,PVG,1.81,9.52,1.6,0.16
810,SZX,XUZ,2.87,15.1,2.35,0.24
811,WUX,CTU,3.11,15.06,3.07,0.27
812,CTU,WUX,2.87,15.56,2.39,0.24
813,DLC,CAN,3.58,17.07,3.06,0.27
814,CKG,NGB,2.54,13.01,2.37,0.25
815,NGB,CKG,2.77,13.56,2.72,0.26
816,HET,PVG,2.79,14.24,2.52,0.24
817,KMG,NGB,3.46,18.48,2.99,0.32
818,PVG,XNN,3.55,15.26,3.93,0.29
819,FOC,CSX,1.66,8.71,1.39,0.14
820,PVG,YNT,1.31,6.24,1.66,0.14
821,XUZ,SZX,2.27,10.42,2.02,0.19
822,HRB,WUH,3.39,15.71,2.2,0.18
823,CGQ,WUH,3.06,14.42,2.3,0.19
824,YNT,XIY,2.23,9.55,2.25,0.15
825,DLU,TFU,1.18,6.06,1.33,0.14
826,WUH,CGQ,3.75,19.54,2.75,0.25
827,KWL,XIY,1.62,8.45,1.73,0.18
828,XMN,NNG,2.58,13.72,1.86,0.18
829,NTG,SZX,2.4,11.87,2,0.2
830,WUH,HRB,3.75,18.71,2.55,0.24
831,WEH,PEK,1.45,7.45,1.45,0.12
832,PEK,WEH,1.48,7.99,1.4,0.12
833,TAO,CTU,4.02,20.43,3,0.21
834,LXA,KMG,2.24,10.33,1.97,0.15
835,CAN,DLC,3.94,20.56,3.15,0.31
836,XIY,HFE,1.6,8.2,1.44,0.14
837,NNG,XMN,1.7,8.23,1.44,0.14
838,KMG,LXA,3.18,14.6,2.91,0.24
839,NNG,PKX,3.4,17.14,2.44,0.26
840,LHW,TSN,2.16,10.06,2.01,0.19
841,CGQ,HFE,2.75,12.97,2.84,0.28
842,SHA,CGO,1.81,9.42,1.9,0.19
843,NKG,FOC,1.29,6.47,1.36,0.14
844,TSN,LHW,2.48,11.3,1.86,0.15
845,CSX,LJG,2.57,12.74,2.65,0.26
846,TFU,DLU,1.36,7.06,1.59,0.17
847,PKX,NNG,3.61,17.42,2.84,0.28
848,HFE,XIY,1.67,7.66,1.66,0.14
849,TSN,CGQ,2.18,11.12,1.85,0.18
850,KHN,NNG,2.47,12.46,1.93,0.18
851,HFE,CGQ,2.61,12.85,2.54,0.25
852,LJG,CSX,2.04,9.59,1.94,0.18
853,PVG,URC,5.74,25.85,4.67,0.41
854,SWA,CKG,2.86,15.68,2.44,0.26
855,CGQ,TSN,1.75,7.66,1.59,0.13
856,KHN,CAN,1.56,7.36,1.64,0.12
857,NNG,FOC,2.01,9.8,1.55,0.15
858,CKG,SWA,2.35,12.25,2.1,0.22
859,FOC,NNG,2.85,14.78,1.92,0.19
860,NNG,KHN,1.63,8.05,1.25,0.12
861,DLC,TYN,1.63,7.99,1.8,0.18
862,FOC,NKG,1.58,8.34,1.36,0.14
863,SHE,WUX,2.54,12.79,2.06,0.2
864,WUX,SHE,2.39,11.98,1.91,0.18
865,CAN,KHN,1.21,5.78,1.29,0.1
866,URC,PVG,4.97,24.24,3.58,0.36
867,CSX,JJN,1.65,8.93,1.37,0.14
868,XIY,LJG,2.06,8.8,2.66,0.21
869,DLC,CSX,2.53,12.13,2.19,0.2
870,SZX,LJG,2.79,13.62,3.03,0.29
871,CSX,DLC,2.96,15.41,2.53,0.25
872,LJG,XIY,1.86,8.54,2.16,0.18
873,CKG,JJN,2.25,10.68,2.04,0.2
874,JJN,CKG,2.8,13.81,2.41,0.24
875,KWE,TSN,2.84,14.43,1.88,0.19
876,PVG,TYN,2.21,10.36,2.4,0.23
877,LJG,SZX,2.03,9.31,2.2,0.2
878,TYN,DLC,1.39,7.47,1.55,0.17
879,TYN,PVG,1.92,8.98,2.26,0.23
880,TSN,KWE,3.3,15.23,2.34,0.21
881,CGO,CTU,2.28,11.79,1.81,0.11
882,KWL,HAK,1.35,7.14,1.6,0.17
883,HRB,HEK,0.97,4.86,1.36,0.14
884,TFU,KHG,4.34,19.49,3.39,0.25
885,NTG,CAN,2.19,10.31,1.94,0.17
886,CTU,CGO,1.89,9.7,1.63,0.12
887,LHW,SZX,2.81,13.08,2.42,0.2
888,SZX,LHW,3.36,16.77,2.98,0.27
889,JJN,SHA,1.48,7.8,1.22,0.12
890,HAK,KWL,1.13,6.62,1.23,0.14
891,LHW,CGO,1.68,7.83,1.57,0.15
892,CGO,NGB,1.93,9.88,1.58,0.16
893,MIG,PEK,2.47,13.23,1.98,0.18
894,KHG,TFU,3.7,16.68,2.8,0.21
895,CGQ,TFU,4.04,20.71,3.05,0.27
896,CAN,NTG,2.07,10.39,1.85,0.18
897,PEK,MIG,2.13,11.27,1.85,0.17
898,TFU,CGQ,3.87,21.47,2.78,0.28
899,CGO,LHW,2.04,10.17,1.88,0.18
900,TFU,JHG,1.72,7.83,2.16,0.18
901,CSX,WUX,1.86,10.36,1.45,0.14
902,NGB,CGO,1.98,9.56,1.73,0.17
903,SHA,JJN,1.58,7.99,1.33,0.13
904,PVG,DYG,2.16,10.11,2.39,0.23
905,PEK,HFE,1.42,8.47,1.27,0.15
906,DLC,NGB,1.71,8.64,1.54,0.15
907,NGB,DLC,2,10.62,1.8,0.19
908,JHG,TFU,1.48,6.84,1.75,0.15
909,DYG,PVG,1.69,8.42,1.73,0.18
910,XMN,HFE,1.87,9.83,1.49,0.15
911,CKG,INC,1.47,7.95,1.33,0.15
912,HFE,XMN,1.17,5.55,1.15,0.11
913,HGH,SWA,1.57,7.52,1.7,0.14
914,HET,HGH,2.44,12.02,2.02,0.18
915,HGH,HET,2.56,12.27,2.19,0.19
916,CGO,INC,2.08,10.49,1.4,0.13
917,PVG,TNA,1.46,7.28,1.61,0.16
918,SWA,HGH,1.65,7.97,1.61,0.12
919,XIY,CKG,1.03,6.43,1.05,0.12
920,SWA,TFU,2.8,15.67,2.18,0.23
921,TFU,SWA,2.59,14.42,1.88,0.2
922,INC,CKG,1.36,7.4,1.24,0.14
923,INC,CSX,2.11,10.79,1.57,0.15
924,CSX,INC,2.64,14.03,2.07,0.2
925,CKG,XIY,1.03,6.36,1.05,0.12
926,CSX,HGH,1.79,10.66,1.3,0.14
927,INC,CGO,1.48,7.04,1.11,0.1
928,SYX,CTU,2.22,10.6,2.4,0.23
929,CTU,SYX,2.57,13.11,2.58,0.25
930,TNA,PVG,1.17,5.55,1.45,0.15
931,HGH,CSX,1.5,8.4,1.26,0.13
932,NKG,INC,2.26,10.08,2.23,0.19
933,TFU,ZHA,2.15,10.78,1.91,0.16
934,BSD,KMG,0.84,4.07,0.78,0.07
935,HRB,SJW,2.04,11.22,1.56,0.17
936,LXA,MIG,1.63,6.8,1.75,0.09
937,MIG,LXA,2.03,8.13,2.37,0.12
938,HFE,PEK,1.35,8.03,1.21,0.14
939,YIW,TFU,2.67,13.96,2.17,0.19
940,CTU,NNG,1.95,10.95,1.56,0.13
941,CTU,XNN,1.21,4.83,1.51,0.06
942,NNG,CTU,1.81,9.82,1.45,0.11
943,SYX,TNA,3.82,21.09,2.64,0.3
944,KMG,SWA,2.2,11.26,1.64,0.17
945,TFU,YIW,2.74,15.66,1.9,0.19
946,TNA,SYX,3.53,19.19,2.52,0.28
947,ZHA,TFU,1.92,9.38,1.78,0.15
948,JJN,KMG,2.7,13.16,2.12,0.21
949,KMG,JJN,2.4,12.1,1.79,0.18
950,TYN,TAO,1.66,8.48,1.34,0.14
951,SWA,KMG,2.37,11.63,1.87,0.18
952,INC,NKG,2.21,10.98,1.71,0.15
953,KHN,TYN,1.92,9.57,1.81,0.17
954,SWA,HAK,1.56,8.15,1.53,0.16
955,PVG,JHG,3.48,15.93,2.77,0.25
956,CTU,TAO,2.88,16.19,2.04,0.19
957,SHA,LHW,2.7,12.91,2.89,0.28
958,TYN,KHN,1.43,6.77,1.41,0.13
959,LHW,SHA,2.17,10.97,1.96,0.2
960,HRB,XUZ,2.47,12.33,2.57,0.26
961,HYN,CAN,1.67,7.92,1.76,0.17
962,KWE,SJW,1.83,9.41,1.59,0.17
963,SZX,SJW,2.68,13.42,2.35,0.23
964,JHG,PVG,3.06,14.93,2.17,0.22
965,XNN,CTU,0.97,3.68,1.3,0.05
966,CAN,HYN,1.57,7.95,1.63,0.17
967,HAK,SWA,1.17,5.87,1.29,0.13
968,TAO,TYN,1.25,6.28,1.04,0.1
969,JHG,CKG,1.58,7.58,1.86,0.18
970,CKG,JHG,1.61,7.2,2.04,0.19
971,XUZ,HRB,2.11,10.57,2.12,0.21
972,WUH,YNT,1.87,9.46,1.57,0.15
973,YNT,WUH,1.49,6.9,1.38,0.13
974,SHE,HET,1.78,8.54,1.72,0.16
975,KMG,INC,2.45,12,2.34,0.23
976,TFU,HET,2.06,10.2,1.66,0.16
977,NTG,CSX,1.45,7,1.26,0.12
978,PVG,PEK,3.73,18.19,7.14,0.57
979,NNG,SHA,2,9.88,1.7,0.18
980,JJN,TFU,2.58,13.33,2.29,0.23
981,CAN,LYI,2.25,11.4,2.05,0.21
982,HET,SHE,1.46,6.7,1.4,0.13
983,LHW,KHN,1.91,9.6,1.66,0.16
984,KHN,LHW,2.28,11.28,2.22,0.21
985,CSX,JHG,2.39,11.61,2.19,0.2
986,INC,KMG,2.03,9.1,2.09,0.19
987,CAN,YTY,1.93,9.71,1.73,0.17
988,KRL,TFU,2.69,12.82,2.1,0.15
989,ZUH,HFE,2.24,12.38,1.64,0.17
990,HUZ,PVG,1.8,9.22,1.9,0.2
991,YTY,CAN,1.81,8.36,1.79,0.16
992,TSN,INC,1.87,8.81,1.3,0.11
993,HFE,ZUH,1.74,8.55,1.43,0.14
994,TFU,JJN,2.17,11.01,1.91,0.19
995,HET,TFU,2.16,10.17,1.6,0.14
996,LYI,CAN,1.88,8.48,1.9,0.18
997,CSX,NTG,1.76,9.49,1.29,0.13
998,SJW,KWE,1.98,9.67,1.79,0.19
999,TSN,KHN,1.7,8.07,1.18,0.1
1000,LZY,TFU,1.12,4.19,1.47,0.06
1001,NNG,HFE,1.93,9.57,1.65,0.16
1002,AKU,TFU,2.86,12.81,2.31,0.16
1003,TFU,KRL,3.12,14.7,2.4,0.18
1004,SYX,SHE,3.76,17.27,3.19,0.29
1005,YIW,SWA,1.19,5.82,1.15,0.11
1006,HRB,WEH,1.46,6.49,1.73,0.13
1007,MIG,PVG,2.31,12.72,1.91,0.21
1008,SHE,SYX,4.08,18.94,3.56,0.32
1009,INC,HGH,2.48,13.07,2.05,0.19
1010,PVG,XMN,1.24,5.86,1.23,0.12
1011,XNN,CSX,1.84,8.76,1.66,0.15
1012,SJW,HRB,1.63,8.73,1.24,0.13
1013,SWA,YIW,1.42,7.41,1.22,0.12
1014,HGH,INC,2.66,13.32,2.62,0.23
1015,WEH,HRB,1.37,6.01,1.79,0.14
1016,HFE,NNG,1.95,9.14,1.86,0.18
1017,YCU,PEK,1.47,7.41,1.36,0.14
1018,TFU,AKU,3.22,14.41,2.62,0.19
1019,INC,TSN,1.52,7.31,1.33,0.13
1020,KHN,ZUH,1.58,8.31,1.06,0.1
1021,TFU,LZY,1.36,5.05,1.8,0.07
1022,HRB,SYX,4.64,22.29,2.95,0.19
1023,YIH,PVG,1.29,6.53,1.43,0.15
1024,TFU,HUZ,1.72,7.75,1.69,0.14
1025,LHW,KWE,1.59,8.13,1.38,0.14
1026,SYX,HRB,4.41,21.01,2.71,0.17
1027,CSX,XNN,2.34,11.61,2.1,0.2
1028,HUZ,TFU,1.93,9.45,2.1,0.19
1029,PVG,YIH,1.57,7.58,1.72,0.17
1030,XNN,PEK,1.8,7.64,2.07,0.13
1031,ZUH,KHN,1.31,7.06,0.88,0.09
1032,DLC,HFE,1.24,6.1,1.15,0.1
1033,JHG,CSX,1.8,8.5,1.52,0.13
1034,KWE,TYN,1.56,8.06,1.37,0.15
1035,SZX,YIW,1.78,9.46,1.26,0.13
1036,SZX,YIH,1.37,6.85,1.25,0.11
1037,SWA,NKG,1.64,8.3,1.48,0.14
1038,HFE,DLC,1.3,6.24,1.27,0.11
1039,SYX,SJW,3.23,16.84,2.52,0.27
1040,SJW,SYX,3.24,16.69,2.51,0.26
1041,KWE,LHW,1.59,8.07,1.46,0.15
1042,PEK,XNN,1.45,6.9,1.43,0.12
1043,SZX,MIG,2.11,9.95,1.68,0.1
1044,CTU,WNZ,2.14,11.25,1.6,0.16
1045,PKX,LJG,2.44,11.38,2.39,0.24
1046,TYN,KWE,1.64,8.16,1.51,0.16
1047,SJW,SZX,2.11,9.57,1.9,0.17
1048,NKG,SWA,1.47,6.98,1.39,0.13
1049,CKG,LHW,1.24,6.25,1.32,0.12
1050,JJN,PVG,1.26,6.33,1.3,0.13
1051,CGO,SHA,1.36,7.17,1.27,0.12
1052,PVG,JJN,1.2,5.41,1.46,0.14
1053,PVG,MIG,2.7,14.05,2.39,0.24
1054,YIN,TFU,2.7,12.02,2.05,0.14
1055,WNZ,CTU,2.32,11.12,2.25,0.21
1056,PEK,PVG,2.65,14.44,2.51,0.17
1057,CGQ,CSX,2.97,15.68,2.06,0.18
1058,CSX,CGQ,3.53,19.82,2.48,0.24
1059,CGQ,HET,1.37,6.96,1.37,0.14
1060,PKX,NKG,1.04,4.84,1.2,0.1
1061,CZX,SZX,1.91,10.01,1.5,0.15
1062,TFU,YIN,3.1,13.8,2.4,0.17
1063,LJG,PKX,2.55,12.42,2.31,0.24
1064,YIW,SZX,1.39,6.95,1.07,0.11
1065,KHN,TSN,1.98,9.79,1.2,0.1
1066,CGO,KWL,1.78,8.64,1.77,0.16
1067,JMU,PEK,1.77,9.33,1.38,0.15
1068,HET,CSX,1.88,9.06,1.35,0.12
1069,WUH,XNN,2.16,10.66,2,0.19
1070,SZX,CZX,2.05,11.85,1.52,0.16
1071,HET,CGQ,1.44,6.95,1.41,0.13
1072,KWL,TSN,2.04,9.81,1.71,0.17
1073,TSN,KWL,2.42,11.64,1.91,0.18
1074,PEK,JMU,1.71,9.05,1.31,0.14
1075,WNZ,CSX,1.19,6.46,0.9,0.09
1076,XNN,WUH,1.68,7.99,1.19,0.1
1077,CSX,HET,2.13,10.6,1.71,0.15
1078,CSX,WNZ,1.26,7.45,0.86,0.09
1079,KWL,CGO,1.44,6.83,1.49,0.13
1080,LHW,CKG,1.05,5.47,1.05,0.1
1081,CGQ,CTU,3.37,17.33,2.05,0.13
1082,SYX,KHN,1.72,8.46,1.29,0.13
1083,MIG,SZX,1.69,7.6,1.37,0.08
1084,NKG,TAO,0.85,4.39,0.81,0.08
1085,SZX,DLC,3.32,18.85,2.41,0.26
1086,NNG,LHW,1.94,9.19,1.94,0.19
1087,LHW,NNG,1.89,8.91,1.82,0.18
1088,YNT,JMU,1.75,7.53,1.94,0.13
1089,YTY,SZX,1.65,7.59,1.77,0.17
1090,NKG,PKX,1.12,4.95,1.33,0.1
1091,JMU,YNT,1.51,6.38,1.68,0.11
1092,KWL,PEK,2.34,11.63,1.77,0.18
1093,SZX,YTY,1.81,9.3,1.7,0.17
1094,PEK,KWL,2.27,10.71,1.91,0.18
1095,WUH,INC,2.05,11.41,1.75,0.18
1096,TNA,KHN,1.05,4.86,0.88,0.08
1097,KHN,TNA,1.62,8.34,1.16,0.11
1098,DLC,SZX,2.72,14.57,2.05,0.21
1099,YNT,CGO,1.02,4.49,1.03,0.07
1100,HET,URC,2.71,13.06,1.98,0.17
1101,CTU,CGQ,3.04,17.1,1.54,0.14
1102,TSN,SYX,3.3,17.18,2.79,0.28
1103,SYX,TSN,3.16,16.01,2.47,0.24
1104,TAO,WNZ,1.18,6.39,1.08,0.12
1105,KHN,SYX,2.04,10.87,1.6,0.17
1106,CGO,YNT,1.28,6.25,1.03,0.08
1107,WNZ,TAO,1.86,10.37,1.6,0.17
1108,URC,HET,2.49,11.88,1.75,0.15
1109,BAV,CIF,1.25,6.35,1.34,0.14
1110,KWE,HFE,1.48,7.45,1.25,0.13
1111,CIF,BAV,1.05,5.09,1.35,0.14
1112,CAN,CSX,0.79,4.27,0.8,0.08
1113,PKX,JJN,2,9.52,1.41,0.13
1114,JJN,PKX,2.25,11.21,1.64,0.16
1115,TFU,JZH,0.55,2.26,0.84,0.04
1116,SHE,CZX,1.67,8.02,1.86,0.18
1117,TAO,NKG,0.68,3.71,0.67,0.07
1118,HFE,KWE,1.49,6.91,1.39,0.13
1119,INC,WUH,1.61,8.65,0.9,0.09
1120,DSN,PEK,1.03,5.43,0.83,0.09
1121,WUH,BHY,1.72,8.61,1.72,0.17
1122,CKG,NTG,1.69,8.65,1.13,0.11
1123,TAO,HET,1.41,6.54,1.31,0.13
1124,HET,TAO,1.6,7.91,1.22,0.12
1125,NTG,CKG,1.86,8.89,1.48,0.14
1126,XUZ,KMG,2.08,9.69,1.99,0.18
1127,SYX,TYN,2.71,14.36,2.11,0.23
1128,TYN,SYX,2.68,14.07,2.1,0.22
1129,HAK,TNA,2.65,13.54,2.01,0.21
1130,CTU,KHN,1.39,6.77,1.25,0.09
1131,KHN,CTU,1.66,7.7,1.67,0.12
1132,KMG,XUZ,2.33,12.58,1.79,0.19
1133,CKG,CZX,1.45,7.47,1.41,0.14
1134,YIH,SZX,1.12,5.34,1.04,0.09
1135,CZX,CKG,1.6,7.68,1.77,0.17
1136,CTU,BPX,0.86,3.4,1.17,0.05
1137,BPX,CTU,0.67,2.58,0.95,0.04
1138,TYN,XMN,1.81,8.92,1.04,0.07
1139,TNA,HAK,2.44,12.16,1.87,0.19
1140,CGQ,YTY,1.62,7.38,2.04,0.2
1141,YTY,CGQ,1.54,7.17,1.78,0.18
1142,MDG,PEK,1.69,8.08,1.4,0.14
1143,NNG,CSX,0.87,4.14,0.76,0.07
1144,TNA,FOC,1.46,6.96,1.15,0.11
1145,CTU,NGB,2.04,10.62,1.79,0.18
1146,SHA,TNA,1.24,7.11,0.99,0.11
1147,PEK,NTG,1.26,6.95,0.98,0.09
1148,LYG,SHE,1.1,5.26,1.01,0.1
1149,FOC,TNA,1.82,9.3,1.54,0.16
1150,PKX,HFE,0.9,4.8,0.96,0.11
1151,NKG,YNT,0.9,4.63,0.77,0.08
1152,XMN,TYN,2.22,11.77,1.25,0.08
1153,SHE,LYG,1.43,7.23,1.23,0.12
1154,DLC,WUX,1.03,5.36,1.01,0.1
1155,NGB,CTU,2.05,9.77,2.02,0.18
1156,BHY,WUH,1.1,5.34,1.2,0.12
1157,CSX,NNG,1.3,6.61,1.06,0.1
1158,HFE,CTU,1.61,7.63,1.51,0.1
1159,CTU,HFE,1.7,9.09,1.31,0.1
1160,WUX,DLC,1.15,5.98,1.1,0.11
1161,PEK,MDG,1.35,6.5,1.04,0.1
1162,HRB,HFE,1.93,10.22,1.62,0.17
1163,LJG,PEK,2.38,10.6,1.42,0.1
1164,NTG,PEK,1.47,8.05,1.12,0.1
1165,NKG,XNN,1.78,7.49,2.12,0.16
1166,YIW,KWE,1.89,10.58,1.41,0.15
1167,CKG,CGQ,2.09,10.3,1.85,0.2
1168,SZX,KHN,0.97,5.27,0.73,0.07
1169,SYX,NNG,0.84,4.48,0.98,0.1
1170,HFE,TYN,1.01,4.82,0.91,0.09
1171,URC,MIG,1.95,9.79,1.24,0.12
1172,PEK,LJG,2.27,9.58,1.68,0.1
1173,CGQ,CKG,2.33,11.01,2.12,0.21
1174,ZHA,WUH,1.13,5.49,1.2,0.12
1175,WUH,ZHA,1.76,8.79,1.72,0.17
1176,XNN,NKG,1.7,8.09,1.64,0.13
1177,HAK,TYN,2.59,12.56,2.14,0.16
1178,KWE,YIW,1.77,10.56,1.2,0.14
1179,CAN,YNT,2.36,11.24,1.8,0.18
1180,HFE,HRB,1.73,8.92,1.45,0.15
1181,CGQ,LYI,1.38,6.39,1.68,0.17
1182,TNA,SHA,0.87,4.65,0.64,0.07
1183,LYI,CGQ,1.28,5.99,1.51,0.15
1184,KHN,HET,1.82,9.03,1.52,0.15
1185,HET,KHN,1.54,7.47,1.17,0.11
1186,TYN,HFE,1.13,5.63,0.95,0.09
1187,TYN,HAK,2.55,11.99,2.2,0.15
1188,CTU,HAK,1.82,9.53,1.56,0.14
1189,SZX,INC,2.36,11.14,2.07,0.16
1190,LJG,CTU,0.66,3.09,0.81,0.06
1191,HGH,XNN,2.01,7.58,2.53,0.11
1192,XNN,HGH,1.84,7.5,1.93,0.1
1193,HAK,CTU,1.63,8.11,1.45,0.13
1194,CTU,LJG,0.85,4.13,1.05,0.08
1195,INC,SZX,1.89,8.24,1.7,0.12
1196,YNT,CAN,1.9,8.33,1.61,0.15
1197,XNN,CGO,1.22,5.66,1.12,0.1
1198,CTU,INC,1.01,4.21,1.18,0.06
1199,JHG,NKG,2.03,9.7,1.88,0.17
1200,CZX,SHE,1.34,6.31,1.46,0.14
1201,PVG,KHN,0.76,3.84,0.92,0.1
1202,CTU,SJW,1.42,6.91,1.46,0.12
1203,NKG,JHG,2.11,9.24,2.31,0.19
1204,KWL,TYN,1.61,8.04,1.54,0.15
1205,TYN,KWL,1.5,7.34,1.64,0.16
1206,YNT,NKG,0.77,4.09,0.67,0.07
1207,TAO,LHW,1.66,7.54,1.7,0.15
1208,CGO,XNN,1.59,7.74,1.41,0.13
1209,LHW,TAO,1.63,7.97,1.65,0.17
1210,HAK,FOC,1.33,6.68,0.83,0.08
1211,HFE,SYX,2,10.95,1.47,0.16
1212,FOC,HAK,1.64,8.76,0.98,0.1
1213,SYX,HFE,2.17,11.95,1.49,0.16
1214,KWE,TAO,2.06,10.85,1.45,0.15
1215,SJW,CTU,1.31,5.84,1.38,0.11
1216,INC,CTU,0.81,3.26,0.99,0.05
1217,HRB,NGB,1.87,8.8,1.89,0.18
1218,JJN,WUH,1.02,5.2,0.84,0.08
1219,HFE,TAO,0.74,3.86,0.82,0.09
1220,XNN,CKG,0.94,5.21,0.8,0.08
1221,URC,KWE,2.48,11.54,2.08,0.2
1222,TAO,HFE,0.71,3.69,0.77,0.08
1223,WUH,JJN,1.14,5.84,1.03,0.1
1224,SHE,CTU,2.58,12.54,2.23,0.2
1225,HET,HRB,1.23,5.62,0.99,0.08
1226,KMG,CZX,1.82,9.45,1.59,0.16
1227,NGB,HRB,1.97,9.67,1.98,0.2
1228,KHN,PVG,0.83,4.47,0.91,0.1
1229,HRB,HET,1.28,6.07,1.08,0.1
1230,KWE,SWA,1.09,5.26,1.01,0.1
1231,TAO,KWE,2.14,10.5,1.62,0.16
1232,MIG,URC,1.97,10.07,1.23,0.12
1233,CTU,SHE,2.1,10.71,1.8,0.18
1234,CZX,KMG,1.8,8.24,1.89,0.17
1235,SWA,KWE,1.38,6.97,1.21,0.12
1236,YNJ,PEK,1.49,7.43,1.26,0.13
1237,LUM,TFU,0.87,4.25,0.92,0.09
1238,DLC,TFU,2.1,10.14,1.49,0.14
1239,LXA,PEK,3.19,15.88,2.66,0.12
1240,SHE,YTY,1.44,7.04,1.66,0.17
1241,HUZ,WUH,1.01,5.29,0.93,0.1
1242,SZX,XFN,1.36,6.74,1.34,0.12
1243,BAV,CGO,0.86,3.98,0.88,0.08
1244,NNG,SYX,0.83,4.51,0.89,0.09
1245,KWE,URC,2.41,11.25,2.06,0.2
1246,TNA,ZUH,1.61,7.37,1.26,0.12
1247,WUH,HUZ,1.06,5.41,0.89,0.09
1248,YTY,SHE,0.98,4.54,1.17,0.11
1249,HGH,LJG,2.01,8.95,2.22,0.18
1250,LJG,HGH,1.76,8.44,1.68,0.15
1251,SJW,WNZ,1.4,6.87,1.02,0.1
1252,CKG,XNN,1.06,5.63,0.95,0.09
1253,INC,SHA,1.55,7.8,1.21,0.12
1254,LYI,HRB,1.29,6.01,1.58,0.16
1255,HAK,SJW,2.01,9.33,1.81,0.16
1256,SJW,XMN,1.54,7.24,1.27,0.12
1257,CGO,AKU,3.41,17.51,2.66,0.25
1258,SJW,HAK,2.01,9.03,1.88,0.16
1259,PEK,YNJ,1.1,6.07,0.81,0.09
1260,CTU,JHG,1.14,5.19,1.41,0.11
1261,XMN,SJW,1.86,9.26,1.6,0.16
1262,KWE,WUX,1.44,7.28,0.98,0.1
1263,WNZ,SJW,1.69,8.12,1.24,0.12
1264,HRB,LYI,1.42,6.61,1.71,0.17
1265,ZUH,TNA,1.97,9.91,1.54,0.16
1266,SHA,INC,1.92,9.19,1.74,0.17
1267,SHA,NNG,1.8,8.67,1.6,0.16
1268,TFU,LUM,0.97,4.74,1.08,0.1
1269,ZUH,TYN,1.86,9.35,1.26,0.12
1270,TYN,ZUH,1.69,7.96,1.14,0.11
1271,ZUH,TSN,2.07,10.44,1.54,0.15
1272,NTG,KMG,1.98,9.42,1.53,0.14
1273,PEK,LXA,2.75,12.77,2.48,0.12
1274,KMG,NTG,2.01,10.65,1.3,0.13
1275,AKU,CGO,2.75,14.19,1.96,0.18
1276,TSN,ZUH,1.9,9,1.5,0.14
1277,NAO,SZX,1.35,7.55,0.89,0.08
1278,LJG,TSN,1.99,9.16,1.44,0.11
1279,XNN,SZX,1.6,6.64,1.8,0.12
1280,SZX,XNN,2.02,9.01,2.19,0.16
1281,JHG,CTU,0.94,4.25,1.07,0.09
1282,TSN,LJG,2.17,9.44,1.91,0.13
1283,SZX,NAO,1.77,10.83,1.23,0.12
1284,SHE,KMG,2.69,11.63,2.31,0.14
1285,SHE,LHW,2.03,9.67,1.93,0.16
1286,SZX,LZO,1.6,8.88,1.12,0.1
1287,DLC,YTY,0.67,3.62,0.73,0.08
1288,PVG,BHY,1.64,7.06,1.85,0.13
1289,MDG,TAO,1.35,6.44,1.15,0.11
1290,LZO,SZX,1.2,6.14,0.87,0.08
1291,TYN,CTU,1,4.62,1.1,0.09
1292,TYN,FOC,1.5,7.23,0.85,0.08
1293,NGB,HAK,1.68,8.15,1.23,0.12
1294,TAO,MDG,1.2,5.66,1.05,0.1
1295,HAK,NGB,1.48,7.18,1.1,0.11
1296,WUX,KWE,1.63,7.79,1.28,0.12
1297,CWJ,KMG,0.56,2.69,0.51,0.05
1298,FOC,TYN,1.72,8.78,1.01,0.09
1299,CTU,TYN,1.2,6.05,1.2,0.11
1300,CGO,PEK,1.15,6.74,0.85,0.08
1301,SHA,SHE,1.54,8.72,1.26,0.13
1302,SHA,WEH,1.27,8.27,0.99,0.12
1303,WUX,CGQ,1.73,9.83,1.23,0.13
1304,SHA,KHN,0.69,3.47,0.76,0.08
1305,XFN,SZX,1.07,4.87,1.05,0.09
1306,YIH,CAN,0.88,3.93,0.81,0.06
1307,CGQ,WUX,1.64,8.71,1.16,0.12
1308,WUH,HYN,1.01,5.2,1,0.1
1309,CKG,LZY,0.99,3.61,1.29,0.05
1310,PKX,JHG,2.17,9.67,2.03,0.19
1311,JHG,PKX,2.32,11.23,1.92,0.2
1312,CGQ,SHA,1.6,8.38,1.3,0.13
1313,SZX,YNT,2.13,10.54,1.71,0.17
1314,SHA,DLC,1.19,7.08,1.07,0.12
1315,SHA,CGQ,1.86,10.63,1.57,0.17
1316,SHE,SHA,1.56,8.75,1.15,0.12
1317,HRB,SHA,1.83,9.8,1.44,0.15
1318,CGO,LXA,2.17,8.8,2.51,0.15
1319,SHA,HRB,2.03,11.28,1.71,0.19
1320,TAO,WUX,0.67,3.77,0.65,0.07
1321,CGO,TAO,1.01,5.06,0.82,0.07
1322,HYN,WUH,0.81,3.74,0.86,0.08
1323,DLC,SHA,1.05,5.89,0.85,0.09
1324,PEK,CGO,0.92,4.92,0.76,0.07
1325,LJG,HFE,1.5,6.91,1.53,0.12
1326,LXA,CGO,1.63,6.75,1.75,0.1
1327,HFE,LJG,1.58,6.64,1.91,0.14
1328,LZY,CKG,1.01,3.79,1.18,0.04
1329,PKX,SHE,0.74,3.84,0.71,0.06
1330,DLU,PEK,2.1,9.88,2.12,0.21
1331,KHN,SHA,0.75,3.98,0.79,0.08
1332,PEK,BHY,2.01,9.25,1.61,0.15
1333,KMG,XNN,1.45,7.24,1.49,0.15
1334,KMG,SHE,2.33,10.79,1.64,0.12
1335,JHG,CAN,1.27,6.01,0.94,0.09
1336,BHY,PVG,1.33,5.7,1.59,0.12
1337,HFE,URC,2.49,11.17,1.69,0.14
1338,BHY,PEK,1.88,8.23,1.94,0.13
1339,TAO,CGO,0.64,2.88,0.75,0.06
1340,YNZ,TFU,1.4,6.18,1.58,0.13
1341,PVG,BAV,1.64,7.74,1.65,0.16
1342,SYX,WNZ,1.32,6.57,1.21,0.12
1343,YIH,PEK,1.31,6.3,1.17,0.11
1344,BAV,PVG,1.37,6.5,1.28,0.13
1345,PEK,YIH,1.12,5.36,1.06,0.1
1346,WNZ,SYX,1.62,8.14,1.58,0.16
1347,HFE,LHW,1.21,5.52,1.45,0.14
1348,JHG,CGO,1.54,6.88,1.5,0.12
1349,NKG,HUZ,0.99,4.58,0.91,0.09
1350,TSN,HAK,2.1,9.88,2.03,0.19
1351,CGQ,XUZ,1.26,5.73,1.63,0.16
1352,TSN,NGB,1.2,6.01,1.1,0.11
1353,PKX,ZYI,1.45,7.76,0.94,0.09
1354,CAN,YCU,1.49,7.91,1.35,0.14
1355,CKG,YCU,0.71,3.86,0.55,0.06
1356,URC,HFE,2.42,12.12,1.27,0.13
1357,HSN,TAO,0.71,3.76,0.67,0.07
1358,SHE,PKX,1.05,5.41,0.95,0.08
1359,XNN,KMG,1.14,5.14,1.24,0.12
1360,WUX,TAO,0.83,4.92,0.75,0.08
1361,HUZ,NKG,1.25,6.5,1.09,0.11
1362,CGO,JHG,1.83,8.35,1.88,0.15
1363,LHW,HFE,1.21,6.01,1.23,0.12
1364,TFU,YNZ,1.43,7.13,1.36,0.12
1365,XUZ,CGQ,1.24,5.86,1.37,0.14
1366,LHW,CTU,0.63,2.92,0.76,0.06
1367,TNA,KWL,1.48,6.94,1.42,0.14
1368,NGB,TSN,1.24,5.94,1.15,0.11
1369,PEK,DLU,1.95,8.83,2.13,0.21
1370,CAN,JJN,0.66,3.15,0.74,0.06
1371,CKG,HRB,2.03,10.32,1.44,0.15
1372,HRB,JGD,0.7,3.4,1.02,0.11
1373,JGD,HRB,0.65,3.07,0.89,0.09
1374,HFE,HET,1.26,6.72,1.26,0.13
1375,HGH,KWL,1.25,6,1.27,0.13
1376,HAK,TSN,1.94,8.87,1.68,0.15
1377,CTU,LHW,0.71,3.6,0.89,0.08
1378,HRB,CKG,2.31,11.7,1.72,0.17
1379,WUX,TYN,1.13,5.49,1.11,0.11
1380,LZO,CAN,1.14,6.13,0.84,0.08
1381,TFU,KOW,1.39,7.38,1.09,0.11
1382,HRB,CIF,0.72,3.74,0.86,0.09
1383,CTU,LZY,0.85,3.24,1.09,0.04
1384,KWL,TNA,1.38,6.67,1.25,0.12
1385,PKX,YNJ,1.36,6.69,1.03,0.1
1386,LZY,CTU,0.74,2.79,0.94,0.04
1387,YCU,CAN,1.44,7.61,1.2,0.12
1388,HET,HFE,1.36,7.78,1.13,0.12
1389,ZYI,PKX,1.42,7.66,0.9,0.09
1390,LJG,WUH,1.07,4.67,1.12,0.09
1391,CKG,HET,1.16,5.4,1.03,0.09
1392,YNJ,PKX,1.32,6.13,1.07,0.1
1393,DLC,SJW,0.75,3.71,0.94,0.09
1394,KMG,HET,1.71,8.26,1.42,0.13
1395,CAN,LZO,1.28,7.17,1.03,0.1
1396,YTY,DLC,0.61,3.35,0.66,0.08
1397,KWL,HGH,1.03,5.07,0.98,0.1
1398,WUX,SYX,1.82,8.93,1.83,0.18
1399,WNZ,HRB,2.3,13.15,1.7,0.19
1400,LYG,SZX,1.32,6.16,0.95,0.09
1401,TNA,NNG,1.72,8.06,1.49,0.14
1402,SHE,KHN,1.53,7.1,1.53,0.14
1403,JHG,XIY,1.42,6.35,1.44,0.11
1404,XIY,CZX,1.02,5.02,1.06,0.1
1405,HET,DLC,0.97,4.92,0.91,0.09
1406,FOC,SHE,1.84,9.28,1.38,0.13
1407,SHE,FOC,1.72,8.54,1.47,0.15
1408,HRB,WNZ,1.95,11.05,1.44,0.16
1409,CZX,HRB,1.64,8.49,1.49,0.15
1410,XIY,JHG,1.33,5.63,1.58,0.12
1411,SZX,LYG,1.61,8.62,1.07,0.11
1412,SYX,WUX,1.66,8.26,1.53,0.15
1413,HET,KMG,1.7,7.64,1.57,0.14
1414,PVG,WEH,0.52,2.45,0.74,0.07
1415,FOC,SYX,1.48,7.62,1.25,0.13
1416,PVG,YCU,1.13,5.15,1.3,0.11
1417,HRB,CZX,1.66,8.45,1.6,0.16
1418,DLC,HET,0.98,4.54,1.01,0.1
1419,TFU,HYN,1.75,10,0.97,0.09
1420,SHE,SJW,1.06,4.92,1.02,0.08
1421,XMN,WUX,1.07,6.18,0.98,0.11
1422,HAK,HFE,1.49,7.45,1.26,0.12
1423,WUX,XMN,0.93,4.97,0.96,0.1
1424,HYN,TFU,1.78,9.48,1.29,0.1
1425,SYX,FOC,1.2,5.81,1.08,0.11
1426,CZX,XIY,1.1,5.09,1.26,0.12
1427,TYN,WUX,1.01,4.92,0.94,0.09
1428,WUH,LJG,1.42,6.59,1.56,0.13
1429,HET,CKG,1.17,5.58,0.98,0.09
1430,CIF,HRB,0.58,3,0.67,0.07
1431,WUA,HET,0.38,1.64,0.74,0.07
1432,WNZ,ZUH,1.08,5.33,0.77,0.07
1433,YCU,PVG,0.96,4.54,1.12,0.11
1434,NNG,TNA,1.6,7.75,1.28,0.13
1435,HFE,HAK,1.35,6.72,1.23,0.12
1436,URC,SHE,2.24,10.63,1.83,0.16
1437,SHE,NTG,1.19,5.65,1.29,0.12
1438,PKX,NTG,0.84,4.19,0.72,0.07
1439,HGH,JJN,0.74,3.76,0.61,0.06
1440,SHE,URC,2.63,12.12,2.27,0.17
1441,ZUH,WNZ,0.93,5.01,0.6,0.06
1442,CTU,YTY,1.43,7.61,1.13,0.1
1443,JJN,HGH,0.83,4.41,0.61,0.06
1444,CKG,KRL,1.9,8.81,2,0.19
1445,MIG,NKG,1.26,6.21,1.2,0.11
1446,NTG,SHE,1.06,5.03,1.12,0.11
1447,NTG,PKX,0.88,4.48,0.76,0.08
1448,YIH,KMG,0.88,4.22,0.86,0.09
1449,KMG,YIH,1.12,5.77,1.04,0.11
1450,DLC,MDG,0.9,4.48,0.96,0.09
1451,PEK,YBP,1.26,5.95,1.29,0.13
1452,HYN,KWE,1.66,9.16,1.18,0.12
1453,KRL,CKG,1.56,7.56,1.58,0.16
1454,PVG,KOW,0.97,4.93,1.07,0.11
1455,KOW,PVG,0.79,4.13,0.86,0.09
1456,NKG,MIG,1.21,5.25,1.42,0.12
1457,TNA,JJN,0.87,4.12,0.7,0.07
1458,DLC,CTU,1.72,7.92,1.22,0.11
1459,YTY,CTU,1.55,7.63,1.17,0.06
1460,KHN,SHE,1.59,7.82,1.46,0.14
1461,HRB,YNZ,1.43,6.76,1.39,0.14
1462,KRL,PKX,2.04,10.01,1.64,0.16
1463,WUX,PEK,1.05,5.31,0.71,0.07
1464,TFU,DLC,1.73,9.48,1.17,0.13
1465,LHW,CGQ,1.7,8,1.75,0.17
1466,MDG,DLC,0.96,4.89,0.99,0.1
1467,YBP,PEK,1.38,6.96,1.31,0.14
1468,KWE,HYN,1.46,8.52,0.88,0.1
1469,JJN,TNA,1.38,6.95,1.09,0.11
1470,HUZ,WUX,1.15,5.94,0.96,0.1
1471,PEK,WUX,0.85,4.3,0.62,0.06
1472,YCU,CKG,0.61,3.38,0.47,0.05
1473,SWA,NGB,0.9,4.68,0.89,0.09
1474,YNZ,HRB,1.36,6.28,1.3,0.13
1475,YNJ,TAO,1.09,5.32,1.14,0.11
1476,LUM,CAN,1.16,5.33,0.99,0.09
1477,TAO,YNJ,1.03,5.26,1.1,0.12
1478,CKG,BAV,0.89,4.58,0.98,0.11
1479,JMU,TAO,1.18,5.12,1.33,0.1
1480,YCU,HGH,0.91,4.66,0.95,0.1
1481,WUX,HUZ,1.06,5.02,0.96,0.09
1482,LHW,HET,0.81,3.78,0.81,0.08
1483,CAN,LUM,1.56,7.48,1.35,0.13
1484,LHW,SHE,1.37,6.41,1.28,0.12
1485,KRL,PEK,2.13,10.36,1.7,0.17
1486,LYA,KMG,1.19,5.59,0.87,0.08
1487,CTU,HET,1.33,6.71,0.94,0.09
1488,KMG,LYA,1.52,7.88,1.01,0.1
1489,BAV,CKG,0.87,4.46,0.96,0.1
1490,PKX,KRL,1.8,8.71,1.52,0.16
1491,SJW,SHA,0.85,4.17,0.68,0.07
1492,DCY,TFU,0.37,1.42,0.6,0.03
1493,SHE,XUZ,1.12,5.56,1.15,0.12
1494,YNZ,CSX,0.78,3.76,0.87,0.09
1495,XUZ,SHE,0.91,4.31,0.89,0.08
1496,CAN,XFN,0.91,4.34,1.03,0.1
1497,CZX,DLC,0.73,3.69,0.68,0.07
1498,SJW,SHE,0.62,2.79,0.67,0.05
1499,DYG,XIY,0.49,2.52,0.57,0.06
1500,TAO,JMU,1.16,5.08,1.34,0.11
1501,SZX,LYI,1.37,6.72,1.24,0.1
1502,WNZ,TNA,1.04,5.04,1.08,0.11
1503,CSX,YNZ,1.04,5.76,0.97,0.1
1504,TNA,INC,0.93,4.6,0.69,0.07
1505,PEK,KRL,1.83,8.69,1.56,0.16
1506,LYI,SZX,1.12,4.84,1.08,0.08
1507,XFN,CAN,0.86,3.98,0.91,0.08
1508,TSN,HLD,1.23,5.65,0.91,0.08
1509,HGH,YCU,1.05,5.03,1.17,0.11
1510,NNY,CAN,0.89,3.98,0.97,0.09
1511,DLC,CZX,0.63,3.28,0.65,0.07
1512,HAK,YIH,0.97,4.85,0.86,0.09
1513,HRB,CTU,1.93,8.39,1.93,0.14
1514,HET,XMN,1.49,7.44,0.69,0.06
1515,CAN,NNY,0.92,4.31,1.03,0.1
1516,XMN,HET,1.71,8.84,0.85,0.07
1517,CTU,HRB,1.74,7.99,1.62,0.13
1518,LYG,CAN,1.03,4.56,1.06,0.09
1519,HET,CTU,1.2,5.65,0.84,0.07
1520,DYG,TFU,0.56,3.11,0.62,0.06
1521,XIY,BHY,1.19,5.9,0.97,0.09
1522,CAN,LYG,1.21,5.99,1.08,0.1
1523,TNA,WNZ,0.78,3.78,0.81,0.08
1524,CGQ,LHW,1.42,6.72,1.56,0.16
1525,HLD,TSN,0.88,4.24,0.79,0.08
1526,PVG,ZYI,1.31,5.94,1.52,0.13
1527,ZYI,PVG,0.97,4.56,1.07,0.1
1528,CAN,YIH,0.71,3.14,0.7,0.04
1529,TAO,HSN,0.58,3.16,0.53,0.06
1530,YBP,PVG,1.21,5.14,1.35,0.09
1531,DNH,PEK,1.53,7.58,1.08,0.11
1532,KMG,YNT,1.65,8.38,1.5,0.15
1533,PVG,YBP,1.43,5.86,1.73,0.11
1534,YNZ,SZX,1.2,6.32,1.01,0.1
1535,KMG,URC,2.36,11.09,2.04,0.19
1536,BHY,XIY,1.37,7.09,1.12,0.11
1537,WNZ,NNG,1.52,8.7,1.25,0.13
1538,NNG,WNZ,1.06,6.01,0.87,0.1
1539,URC,KMG,1.86,8.25,1.64,0.14
1540,YNT,KMG,1.65,7.25,1.76,0.15
1541,JMJ,KMG,0.49,2.38,0.44,0.04
1542,SZX,YNZ,1.38,8.21,1.09,0.12
1543,NGB,SWA,0.78,3.76,0.84,0.08
1544,CGO,HSN,1.1,5.73,0.66,0.06
1545,TFU,DYG,0.67,3.95,0.66,0.07
1546,JHG,SZX,1.01,4.8,0.89,0.09
1547,SJW,DLC,0.63,3.51,0.7,0.08
1548,BPE,SJW,0.44,2.16,0.64,0.07
1549,CGQ,TYN,1.1,5.45,0.82,0.08
1550,HSN,CGO,0.9,4.51,0.64,0.06
1551,SHA,SJW,0.91,4.69,0.79,0.08
1552,NTG,JJN,0.8,3.94,0.72,0.07
1553,ZHA,KMG,0.71,3.31,0.78,0.07
1554,SJW,BPE,0.43,2.14,0.62,0.07
1555,CTU,DLC,1.55,8.17,0.97,0.1
1556,KHN,ZHA,1,5.13,1.06,0.11
1557,LYI,SHE,0.73,3.49,0.73,0.07
1558,JJN,NKG,0.82,4.32,0.62,0.06
1559,KMG,ZHA,0.94,4.78,0.86,0.09
1560,SHE,LYI,0.95,4.66,0.89,0.09
1561,NKG,JJN,0.73,3.63,0.57,0.05
1562,CGQ,WEF,0.84,3.92,0.89,0.09
1563,JHG,WUH,1.04,4.7,0.9,0.07
1564,HET,LHW,0.76,3.6,0.65,0.06
1565,WEF,CGQ,0.84,4.02,0.88,0.09
1566,PEK,DNH,1.25,6.26,0.89,0.1
1567,JJN,NTG,0.77,3.95,0.68,0.07
1568,YTY,KMG,1.43,6.59,1.18,0.11
1569,INC,CAN,1.3,6.05,0.99,0.08
1570,PVG,LZH,1.33,6.95,1.27,0.12
1571,KMG,YTY,1.4,7.16,0.97,0.1
1572,YNT,CSX,0.99,4.55,1.04,0.09
1573,KWL,SWA,0.51,2.62,0.64,0.07
1574,NGB,SJW,1.08,5.22,0.98,0.1
1575,HIA,KMG,1.39,6.29,1.34,0.12
1576,DQA,TAO,1.03,4.93,1.12,0.11
1577,HSN,WUH,0.64,2.99,0.69,0.06
1578,YBP,HGH,1.13,5.28,1.08,0.08
1579,WUH,JHG,1.33,6.26,1.26,0.11
1580,HGH,YBP,1.26,5.5,1.31,0.09
1581,DLC,RIZ,0.36,2.14,0.45,0.05
1582,SJW,NGB,0.95,4.49,0.79,0.08
1583,LZH,PVG,1.05,5.67,0.96,0.1
1584,NGB,CGQ,1.35,6.6,1.13,0.11
1585,HSN,FOC,0.55,2.72,0.45,0.04
1586,SZX,YBP,1.05,4.73,1.1,0.07
1587,TAO,DQA,0.98,4.69,1.12,0.11
1588,DZH,PEK,1.03,5.17,0.79,0.08
1589,CAN,INC,1.56,7.53,1.16,0.09
1590,KMG,HIA,1.46,7.41,1.19,0.12
1591,NGB,SHE,1.09,5.25,1.08,0.1
1592,CSX,YNT,1.16,5.91,1.14,0.11
1593,RIZ,DLC,0.35,2.09,0.44,0.05
1594,TYN,CGQ,1.05,5.06,0.88,0.09
1595,FOC,ZUH,0.79,4.13,0.56,0.06
1596,HMI,CGO,1.46,7.02,0.94,0.08
1597,CGQ,NGB,1.28,5.78,1.11,0.1
1598,CAN,XNN,1.39,6.46,1.4,0.13
1599,YTY,TFU,1.24,5.99,1.03,0.1
1600,HLD,SHE,0.65,2.85,0.74,0.05
1601,TYN,YIH,0.67,3.29,0.69,0.07
1602,HRB,TYN,1.3,7.07,0.97,0.1
1603,MIG,TNA,1.11,5.57,0.79,0.08
1604,YNT,CKG,1.18,5.36,1.2,0.11
1605,SHE,HLD,0.89,4.12,0.89,0.06
1606,SHE,WNZ,1.13,5.52,1.15,0.11
1607,TYN,WNZ,0.96,4.56,0.89,0.08
1608,XNN,CAN,1.17,5.1,1.23,0.11
1609,CGO,HMI,1.79,8.5,1.25,0.11
1610,PVG,DAT,1.3,6.5,1.42,0.14
1611,YIH,KWE,0.46,2.6,0.49,0.06
1612,XIY,HUZ,1.1,4.88,0.96,0.08
1613,WUX,NNG,1.3,5.81,0.95,0.06
1614,WNZ,SHE,1.24,5.94,1.2,0.11
1615,HUZ,XIY,1.29,6.45,1.16,0.12
1616,DSN,CGO,0.56,2.67,0.44,0.04
1617,TNA,MIG,1.03,4.85,0.76,0.07
1618,NNG,WUX,1.11,5.16,0.67,0.05
1619,CAN,NAO,0.97,4.62,0.85,0.07
1620,YIW,XIY,1.04,4.37,1.06,0.07
1621,XIY,YIW,1.03,4.74,0.92,0.06
1622,WNZ,TYN,1.15,5.48,1.1,0.1
1623,TFU,YTY,1.18,6.26,0.87,0.09
1624,CKG,BPX,0.66,2.39,0.93,0.03
1625,YCU,SZX,1,4.52,1.04,0.09
1626,TYN,HRB,1.06,5.38,0.86,0.09
1627,TNA,LJG,1.33,5.61,1.4,0.1
1628,MIG,HAK,1.1,5.31,0.91,0.08
1629,YNZ,WUH,0.43,1.96,0.61,0.06
1630,CKG,YNT,1.06,5.28,1.02,0.1
1631,LJG,TNA,1.26,5.64,1.21,0.09
1632,ZHA,KHN,0.68,3.34,0.68,0.07
1633,BPX,CKG,0.59,2.23,0.75,0.03
1634,NAO,CAN,0.8,3.58,0.76,0.06
1635,DLU,CAN,0.84,3.17,0.82,0.04
1636,KWL,TFU,0.55,2.82,0.64,0.06
1637,YNT,HFE,0.53,2.83,0.51,0.06
1638,HFE,YNT,0.59,3.11,0.56,0.06
1639,CGQ,NTG,1.1,5.06,0.87,0.08
1640,WHA,SZX,0.83,3.85,0.78,0.07
1641,KWE,XUZ,1.08,5.73,0.87,0.09
1642,SZX,YCU,1.12,5.36,1.16,0.1
1643,RIZ,SHE,0.63,2.98,0.75,0.07
1644,YIH,DLC,1.11,5.35,0.9,0.08
1645,SHE,NGB,1.04,5.04,1.08,0.11
1646,TFU,KWL,0.67,3.56,0.68,0.07
1647,XUZ,KWE,1.04,4.99,1.01,0.09
1648,BAV,TFU,0.85,4.46,0.77,0.08
1649,XMN,YTY,0.79,4.05,0.84,0.08
1650,KWL,XMN,0.51,2.33,0.69,0.07
1651,OHE,HRB,0.61,2.86,0.83,0.09
1652,KHN,CGQ,1.45,7.27,1.09,0.11
1653,SHE,RIZ,0.78,3.99,0.82,0.08
1654,SHA,SWA,0.66,3.33,0.78,0.08
1655,NTG,CGQ,1.15,5.65,0.86,0.08
1656,CGO,DSN,0.72,3.74,0.5,0.05
1657,YBP,SZX,0.77,3.23,0.88,0.05
1658,CGQ,KHN,1.17,5.3,0.94,0.09
1659,YTY,XMN,0.67,3.21,0.85,0.09
1660,DLC,YIH,1.04,4.82,0.89,0.07
1661,SHE,YNZ,0.87,4.3,1.07,0.11
1662,ZUH,FOC,0.68,3.67,0.48,0.05
1663,TFU,BAV,0.93,5.25,0.87,0.1
1664,LZH,NKG,0.9,4.37,0.89,0.08
1665,LJG,KWE,0.59,3.3,0.65,0.07
1666,HAK,MIG,1.02,4.71,0.91,0.08
1667,INC,HFE,0.84,4.28,0.84,0.09
1668,XIY,SWA,1.12,5.28,1.12,0.1
1669,CKG,WHA,0.94,4.87,0.89,0.09
1670,YCU,WUH,0.45,2.04,0.48,0.04
1671,CKG,DLC,1.18,6.08,1.06,0.11
1672,SZX,WHA,0.95,4.86,0.78,0.07
1673,SWA,HFE,0.62,3.22,0.71,0.08
1674,XMN,SYX,1.13,6.11,0.74,0.05
1675,SYX,XMN,0.83,4.13,0.57,0.04
1676,NKG,LZH,0.91,4.03,1.02,0.08
1677,WUX,HRB,1.17,5.57,1.21,0.12
1678,YNZ,SHE,0.74,3.36,0.92,0.09
1679,DLC,CKG,1.27,5.95,1.31,0.12
1680,HFE,INC,0.91,4.14,1.07,0.1
1681,WHA,CKG,0.93,4.32,1.02,0.1
1682,NGB,NNG,1.13,5.36,1.28,0.12
1683,KOW,KMG,0.94,4.35,0.92,0.09
1684,HRB,WUX,1.13,5.17,1.16,0.11
1685,CAN,DZH,1.1,6.11,0.92,0.08
1686,HTN,TFU,1.46,6.89,0.99,0.08
1687,HIA,SZX,0.98,5,0.87,0.09
1688,PVG,NNY,0.75,3.47,0.8,0.07
1689,SWA,ZHA,0.47,2.55,0.57,0.06
1690,YCU,KMG,0.87,3.95,0.96,0.09
1691,HSN,SZX,0.88,4.8,0.64,0.07
1692,XMN,KWL,0.74,3.77,0.88,0.09
1693,DZH,CAN,0.88,4.82,0.7,0.06
1694,NNG,NGB,1,5,1.01,0.1
1695,HSN,SWA,0.73,3.56,0.78,0.08
1696,CZX,XMN,0.61,2.95,0.71,0.07
1697,CAN,XUZ,0.94,4.66,1.02,0.1
1698,HFE,SWA,0.58,2.95,0.67,0.07
1699,SJW,NNG,1.23,5.68,1.21,0.12
1700,SZX,HIA,1.16,6.63,0.94,0.1
1701,KMG,YCU,1.11,5.59,1.09,0.11
1702,SWA,SHA,0.64,3.36,0.72,0.08
1703,HGH,KOW,0.65,3.12,0.71,0.07
1704,NKG,KOW,0.65,3.09,0.61,0.06
1705,SWA,HSN,0.8,4.15,0.75,0.07
1706,XMN,CZX,0.74,3.73,0.76,0.07
1707,KOW,NKG,0.71,3.58,0.61,0.06
1708,KWE,NTG,1.02,5.12,0.68,0.07
1709,NTG,KWE,1.14,5.38,0.89,0.08
1710,WNZ,DLC,1.13,5.7,0.98,0.1
1711,PKX,FUO,1.18,5.42,0.79,0.07
1712,ZHA,SWA,0.42,2.26,0.52,0.06
1713,KOW,HGH,0.51,2.41,0.54,0.05
1714,DLC,WNZ,0.8,3.94,0.71,0.07
1715,NNG,SJW,1.06,5.19,0.95,0.1
1716,DLC,NTG,0.6,3.02,0.46,0.04
1717,CSX,HUZ,0.54,2.6,0.48,0.03
1718,YTY,HRB,0.94,4.33,1.07,0.11
1719,TFU,HTN,1.62,7.68,1.11,0.1
1720,HRB,OHE,0.69,3.27,0.87,0.09
1721,LZH,HAK,0.45,2.18,0.59,0.06
1722,CGO,SWA,0.99,4.76,0.88,0.08
1723,HRB,YTY,1.14,5.27,1.33,0.13
1724,SZX,HSN,1.03,5.93,0.64,0.07
1725,FUO,PKX,1.32,6.52,0.91,0.09
1726,HUZ,CSX,0.52,2.51,0.49,0.03
1727,KWE,LJG,0.45,2.74,0.48,0.05
1728,INC,TNA,0.72,3.77,0.52,0.05
1729,ENH,HGH,0.72,3.32,0.79,0.06
1730,CZX,KWE,1.08,5.5,0.93,0.09
1731,PKX,NDG,0.73,3.69,0.57,0.06
1732,LZH,TFU,0.5,2.23,0.63,0.05
1733,YCU,DLC,0.86,4.31,0.66,0.06
1734,SWA,CGO,1.01,4.88,0.96,0.09
1735,WNZ,HAK,1.21,7.3,0.9,0.1
1736,TFU,LZH,0.61,2.86,0.71,0.06
1737,ZUH,YIW,0.82,4.36,0.57,0.06
1738,HGH,ENH,0.79,3.44,0.93,0.07
1739,KWE,CZX,0.86,4.56,0.69,0.07
1740,WEH,SHE,0.41,1.91,0.55,0.06
1741,ENH,XIY,0.3,1.57,0.39,0.04
1742,YIW,ZUH,0.78,3.85,0.58,0.06
1743,HAK,WNZ,0.91,5.49,0.64,0.07
1744,DLC,YCU,0.82,3.86,0.65,0.06
1745,JUZ,CKG,0.82,3.73,0.92,0.08
1746,CGD,CAN,0.52,2.32,0.61,0.05
1747,CAN,CGD,0.48,2.15,0.61,0.05
1748,LZO,PKX,1.13,5.69,0.88,0.09
1749,HAK,LZH,0.35,1.99,0.41,0.05
1750,CKG,JUZ,0.82,3.93,0.82,0.08
1751,HAK,CZX,1.02,5,0.99,0.1
1752,KWE,HET,1.03,4.92,0.7,0.06
1753,NNY,PVG,0.58,2.76,0.71,0.07
1754,PKX,LZO,0.99,4.76,0.81,0.08
1755,SHE,HIA,0.83,4.15,0.76,0.08
1756,CGO,KHG,2.12,9.7,1.74,0.15
1757,XUZ,DLC,0.39,2.14,0.46,0.05
1758,KHG,CGO,1.74,8.02,1.35,0.11
1759,NKG,SJW,0.52,2.69,0.46,0.05
1760,SJW,NKG,0.47,2.51,0.39,0.04
1761,HIA,SHE,0.69,3.25,0.62,0.06
1762,HET,KWE,1.1,5.17,0.74,0.07
1763,TSN,HIA,0.58,2.83,0.36,0.03
1764,XMN,LYG,0.92,4.48,0.85,0.07
1765,LYG,XMN,0.63,2.76,0.73,0.06
1766,JJN,HFE,0.68,3.5,0.58,0.06
1767,YNJ,YNT,0.62,2.88,0.75,0.07
1768,LZO,KMG,0.36,1.74,0.48,0.05
1769,XUZ,CAN,0.69,3.09,0.81,0.08
1770,WUT,KMG,1.01,4.63,0.95,0.09
1771,HFE,JJN,0.49,2.35,0.45,0.04
1772,HGH,MIG,1.05,4.97,0.94,0.09
1773,KMG,MIG,0.61,3.11,0.57,0.06
1774,YIH,HAK,0.8,3.89,0.75,0.07
1775,KWE,YTY,0.81,3.97,0.82,0.08
1776,YTY,KWE,0.94,4.3,1.08,0.1
1777,MIG,KMG,0.55,2.64,0.56,0.05
1778,SHE,WEH,0.52,2.64,0.6,0.06
1779,MIG,HGH,0.97,4.98,0.78,0.08
1780,YNT,YNJ,0.71,3.41,0.84,0.08
1781,CZX,HAK,1.07,5.19,1.07,0.1
1782,KMG,WUT,1.18,6.01,0.96,0.1
1783,INC,TAO,0.82,4.1,0.76,0.08
1784,KOW,PKX,1.23,7.49,0.9,0.11
1785,TAO,INC,0.8,3.79,0.78,0.08
1786,PVG,NBS,1.09,6.2,0.91,0.1
1787,XUZ,JJN,0.61,2.81,0.72,0.07
1788,PKX,KOW,1.17,6.82,0.83,0.09
1789,CAN,HIA,0.86,4.26,0.81,0.08
1790,HUZ,KMG,0.92,4.63,0.64,0.06
1791,WNZ,YIH,0.71,3.47,0.51,0.05
1792,DSN,CKG,0.56,2.9,0.63,0.07
1793,SHE,WUT,0.8,3.88,0.77,0.07
1794,YIH,WNZ,0.61,3.07,0.42,0.04
1795,TFU,KRY,1.31,5.89,1.16,0.09
1796,HGH,ZHA,0.89,3.89,1,0.06
1797,HIA,CAN,0.74,3.33,0.78,0.07
1798,KMG,HUZ,0.79,3.99,0.5,0.05
1799,NTG,DLC,0.58,2.92,0.42,0.04
1800,PEK,TXN,0.64,3.31,0.49,0.05
1801,LZO,HGH,0.9,4.39,0.85,0.08
1802,LXA,WUH,0.87,3.09,0.98,0.03
1803,YIW,CKG,0.83,3.95,0.81,0.08
1804,WUH,LXA,1.25,4.3,1.62,0.05
1805,JJN,XUZ,0.69,3.47,0.82,0.09
1806,NGB,ZUH,0.73,3.5,0.8,0.08
1807,ZHA,HGH,0.76,3.45,0.82,0.05
1808,HGH,LZO,1,4.58,1.01,0.09
1809,NTG,FOC,0.5,2.51,0.44,0.04
1810,BHY,CKG,0.67,3.38,0.71,0.07
1811,HIA,TSN,0.45,2.48,0.28,0.03
1812,WNZ,CGQ,1.37,7.77,0.94,0.1
1813,KRY,TFU,1.11,5.03,1.02,0.08
1814,WMT,SHA,0.76,3.78,0.61,0.06
1815,FOC,NTG,0.55,2.92,0.42,0.04
1816,CKG,YIW,0.79,4.01,0.72,0.07
1817,CKG,BHY,0.58,2.81,0.63,0.06
1818,SHA,WMT,1,4.77,0.9,0.09
1819,HET,SJW,0.38,1.89,0.29,0.03
1820,CGD,PKX,0.97,5.75,0.67,0.06
1821,DLU,XIY,0.76,3.33,0.76,0.05
1822,PKX,CGD,0.95,5.29,0.69,0.06
1823,YNT,KHN,0.55,2.5,0.6,0.06
1824,ZUH,NGB,0.73,3.76,0.75,0.08
1825,PVG,DSN,1.2,7.12,0.94,0.11
1826,TXN,PEK,0.65,3.36,0.48,0.05
1827,SHE,LYA,0.85,4,0.85,0.08
1828,KHN,YNT,0.73,3.81,0.69,0.07
1829,DSN,PVG,0.97,5.71,0.71,0.08
1830,XIY,DLU,0.76,3.1,0.83,0.05
1831,CGQ,WNZ,1.1,6.02,0.78,0.09
1832,SJW,MIG,0.57,2.95,0.49,0.05
1833,DSN,NKG,0.8,3.98,0.59,0.06
1834,TFU,KCA,1.2,5.52,1.08,0.09
1835,YTY,CKG,0.76,3.5,0.89,0.08
1836,BAR,TFU,0.79,3.97,0.8,0.06
1837,BAR,PVG,0.93,4.69,0.89,0.09
1838,KWL,LHW,0.73,3.48,0.85,0.09
1839,TFU,BAR,0.86,4.52,0.81,0.07
1840,MIG,SJW,0.67,3.4,0.53,0.05
1841,HRB,INC,1.07,5.51,0.75,0.08
1842,SZX,WXN,0.8,4.21,0.55,0.06
1843,INC,HRB,1.06,5.34,0.73,0.08
1844,SZX,CGD,0.63,3.73,0.51,0.05
1845,WUT,SHE,0.53,2.55,0.52,0.05
1846,ZHA,CAN,0.24,0.96,0.4,0.02
1847,CKG,YTY,0.69,3.41,0.69,0.07
1848,XIY,WMT,0.34,1.6,0.48,0.05
1849,PVG,BAR,1.1,5.61,1.03,0.1
1850,NKG,DSN,0.72,3.39,0.61,0.06
1851,LHW,DLC,0.76,3.75,0.79,0.08
1852,HUZ,PKX,1.34,8.27,0.88,0.1
1853,HAK,KOW,0.53,2.57,0.57,0.06
1854,INC,SHE,0.7,3.21,0.77,0.07
1855,LJG,KHN,0.72,3.47,0.68,0.06
1856,SHE,INC,0.93,4.4,0.98,0.09
1857,YNJ,DLC,0.55,2.93,0.61,0.06
1858,DYG,NKG,0.54,2.83,0.54,0.06
1859,HFE,XNN,0.79,3.58,0.9,0.08
1860,XNN,HFE,0.77,3.91,0.74,0.07
1861,KOW,HAK,0.53,2.54,0.56,0.06
1862,TFU,TCZ,0.58,2.94,0.46,0.05
1863,KCA,TFU,0.99,4.52,0.91,0.07
1864,NKG,DYG,0.53,2.39,0.65,0.06
1865,KHN,LJG,0.93,4.53,0.97,0.09
1866,NBS,PVG,1.03,5.83,0.83,0.09
1867,KMG,NNG,0.46,2.35,0.54,0.06
1868,RIZ,PVG,0.36,1.71,0.5,0.05
1869,DLC,YNJ,0.58,3.13,0.61,0.07
1870,YCU,NKG,0.59,2.95,0.54,0.05
1871,LHW,XMN,1.01,4.89,0.83,0.08
1872,PKX,HUZ,1.08,6.14,0.67,0.08
1873,NKG,YCU,0.5,2.3,0.54,0.05
1874,BHY,CSX,0.47,2.29,0.37,0.04
1875,JHG,DLU,0.28,1.45,0.37,0.03
1876,NNG,KMG,0.39,1.82,0.54,0.06
1877,CAN,YBP,0.67,3.3,0.67,0.06
1878,DLC,LHW,0.8,3.63,0.95,0.09
1879,HAK,SHE,1.48,7.23,0.93,0.06
1880,DLU,CKG,0.54,2.63,0.65,0.06
1881,SWA,PEK,1.12,5.66,0.83,0.08
1882,PKX,DLU,1.1,5.02,0.85,0.08
1883,CSX,BHY,0.66,3.44,0.49,0.05
1884,DLU,PKX,1.14,5.62,0.78,0.08
1885,TFU,XUZ,0.84,5.11,0.64,0.07
1886,SJW,HET,0.24,1.46,0.21,0.02
1887,CKG,ZHA,0.68,3.3,0.51,0.05
1888,XUZ,TFU,0.88,4.71,0.7,0.07
1889,MIG,CAN,0.72,3.34,0.69,0.06
1890,CGQ,SYX,1.72,8.31,1.01,0.05
1891,TCZ,TFU,0.43,2.23,0.33,0.04
1892,SHE,HAK,1.59,7.86,1.06,0.06
1893,ZHA,PEK,1.18,5.81,0.81,0.08
1894,NTG,XIY,0.7,3.31,0.75,0.07
1895,NKG,WEH,0.43,2.2,0.5,0.05
1896,SYX,CGQ,1.72,8.48,0.97,0.05
1897,PEK,ZHA,1.18,5.41,0.88,0.08
1898,ZHA,CKG,0.67,3.25,0.51,0.05
1899,PEK,SWA,0.95,4.59,0.68,0.07
1900,YBP,CAN,0.58,2.71,0.56,0.05
1901,KWL,FOC,0.52,2.47,0.52,0.05
1902,YTY,PEK,0.45,2.5,0.39,0.04
1903,YBP,HAK,0.77,4.69,0.6,0.07
1904,PKX,YNT,0.33,1.48,0.34,0.02
1905,MIG,TSN,0.8,3.89,0.58,0.05
1906,CKG,LYA,0.37,2.03,0.43,0.05
1907,FOC,KWL,0.68,3.46,0.64,0.06
1908,YNT,XMN,0.66,3.02,0.6,0.05
1909,CSX,ZUH,0.49,2.65,0.31,0.03
1910,HAK,YBP,0.85,5.23,0.63,0.07
1911,HYN,PEK,0.82,3.82,0.75,0.07
1912,HYN,CKG,0.81,3.88,0.69,0.06
1913,PEK,JDZ,0.57,2.86,0.5,0.05
1914,XIY,NTG,0.65,3.19,0.61,0.06
1915,KWE,ZUH,0.4,1.9,0.33,0.03
1916,DQA,PVG,1.09,6.05,0.87,0.1
1917,XMN,LHW,1.17,5.75,0.99,0.09
1918,CZX,TAO,0.35,1.78,0.3,0.03
1919,LZH,PEK,0.99,4.8,0.83,0.09
1920,XMN,YNT,0.89,4.36,0.72,0.07
1921,YNT,PKX,0.28,1.2,0.31,0.02
1922,ZUH,KWE,0.65,3.38,0.47,0.05
1923,INC,HET,0.33,1.54,0.48,0.05
1924,CAN,MIG,0.71,3.34,0.68,0.06
1925,LYA,SHE,0.64,3.08,0.67,0.06
1926,LHW,KWL,0.68,3.22,0.75,0.07
1927,WNZ,TSN,0.74,3.5,0.61,0.05
1928,PKX,YIH,0.68,3.26,0.49,0.05
1929,ZHA,CSX,0.44,2.26,0.42,0.04
1930,CKG,HYN,0.74,3.63,0.6,0.06
1931,CKG,DLU,0.4,1.96,0.53,0.05
1932,TSN,UYN,0.37,1.31,0.51,0.03
1933,HET,INC,0.38,1.79,0.4,0.04
1934,JDZ,PEK,0.55,2.84,0.45,0.05
1935,TSN,MIG,0.79,3.59,0.61,0.05
1936,DLU,CTU,0.34,1.28,0.43,0.02
1937,TNA,ZHA,0.92,4.27,0.69,0.07
1938,LDS,PKX,0.79,3.76,0.59,0.06
1939,NGB,WEH,0.53,2.53,0.61,0.06
1940,WEH,NGB,0.51,2.4,0.61,0.06
1941,ZUH,SJW,0.99,4.97,0.7,0.07
1942,NNG,SWA,0.42,2.07,0.35,0.03
1943,LUM,CKG,0.61,3.14,0.48,0.05
1944,KOW,PEK,0.8,3.09,1.07,0.05
1945,KMG,YIW,0.89,4.59,0.75,0.08
1946,YIH,PKX,0.67,3.31,0.47,0.04
1947,PEK,KOW,0.8,3.76,0.57,0.05
1948,PEK,HYN,0.68,3.18,0.65,0.06
1949,XIY,YIH,0.27,1.56,0.22,0.02
1950,PVG,DQA,1.09,6.04,0.88,0.1
1951,SWA,CTU,0.98,5.85,0.69,0.07
1952,PKX,LDS,0.73,3.58,0.54,0.05
1953,SWA,NNG,0.61,3.18,0.44,0.04
1954,CTU,SWA,0.98,5.92,0.62,0.07
1955,WMT,KMG,0.29,1.59,0.25,0.03
1956,DIG,CAN,0.67,3.11,0.47,0.04
1957,HET,SZX,0.96,4.48,0.67,0.06
1958,CTU,DLU,0.43,1.68,0.57,0.02
1959,PVG,JNZ,0.5,2.46,0.55,0.06
1960,ZUH,CSX,0.42,2.24,0.31,0.03
1961,DYG,PEK,0.74,3.64,0.57,0.06
1962,LYA,CKG,0.36,1.97,0.41,0.05
1963,SJW,ZUH,0.87,4.01,0.65,0.06
1964,PEK,LZH,0.92,4.29,0.71,0.07
1965,TSN,WNZ,0.67,3.38,0.55,0.05
1966,ZHA,TNA,1.01,4.86,0.76,0.08
1967,YIW,KMG,0.85,3.88,0.84,0.08
1968,JNZ,PVG,0.52,2.54,0.55,0.06
